{"stats":{"minecraft:mined":{"minecraft:tuff":1,"minecraft:snow_block":17,"minecraft:crafting_table":4,"minecraft:blast_furnace":1,"minecraft:grass_block":3,"minecraft:tall_grass":7,"minecraft:grindstone":1,"minecraft:diorite":1,"minecraft:sandstone":5,"minecraft:large_fern":2,"minecraft:magma_block":3,"minecraft:coarse_dirt":2,"minecraft:packed_mud":1,"minecraft:furnace":3,"minecraft:sweet_berry_bush":1,"minecraft:birch_log":7,"minecraft:iron_ore":28,"minecraft:snow":39,"minecraft:ice":1,"minecraft:andesite":2,"minecraft:birch_leaves":2,"minecraft:gold_block":2,"minecraft:grass":7,"minecraft:dead_brain_coral_block":2,"minecraft:coal_ore":11,"minecraft:oak_log":4,"minecraft:sand":2,"minecraft:dirt":3,"minecraft:stonecutter":1,"minecraft:stone":83},"minecraft:custom":{"minecraft:interact_with_furnace":43,"minecraft:mob_kills":23,"minecraft:interact_with_crafting_table":24,"minecraft:time_since_death":60187,"minecraft:time_since_rest":60212,"minecraft:sprint_one_cm":180387,"minecraft:damage_taken":1163,"minecraft:walk_one_cm":149166,"minecraft:damage_blocked_by_shield":930,"minecraft:drop":23,"minecraft:damage_dealt":3382,"minecraft:talked_to_villager":6,"minecraft:swim_one_cm":21713,"minecraft:fly_one_cm":272501,"minecraft:open_chest":12,"minecraft:crouch_one_cm":10832,"minecraft:play_time":66000,"minecraft:deaths":1,"minecraft:sneak_time":3967,"minecraft:walk_under_water_one_cm":20273,"minecraft:boat_one_cm":132384,"minecraft:jump":1772,"minecraft:interact_with_blast_furnace":1,"minecraft:walk_on_water_one_cm":8273,"minecraft:total_world_time":66000,"minecraft:fall_one_cm":45699},"minecraft:killed":{"minecraft:spider":1,"minecraft:skeleton":2,"minecraft:sheep":1,"minecraft:goat":2,"minecraft:zombie":8,"minecraft:chicken":7,"minecraft:villager":1,"minecraft:cow":1},"minecraft:crafted":{"minecraft:cooked_beef":6,"minecraft:oak_planks":16,"minecraft:stone_shovel":1,"minecraft:crafting_table":4,"minecraft:wooden_pickaxe":1,"minecraft:cooked_chicken":7,"minecraft:iron_sword":1,"minecraft:furnace":2,"minecraft:birch_planks":28,"minecraft:air":0,"minecraft:iron_boots":1,"minecraft:iron_chestplate":1,"minecraft:shield":1,"minecraft:stick":8,"minecraft:iron_ingot":26,"minecraft:iron_pickaxe":1,"minecraft:stone_pickaxe":1,"minecraft:iron_leggings":1,"minecraft:birch_door":3},"minecraft:dropped":{"minecraft:sweet_berries":3,"minecraft:wheat_seeds":10,"minecraft:golden_helmet":1,"minecraft:tuff":1,"minecraft:feather":8,"minecraft:cobblestone":2,"minecraft:grindstone":1,"minecraft:rotten_flesh":3,"minecraft:stick":1,"minecraft:dirt":2,"minecraft:andesite":2,"minecraft:stonecutter":1,"minecraft:birch_boat":1,"minecraft:arrow":1,"minecraft:wooden_pickaxe":1,"minecraft:string":1},"minecraft:picked_up":{"minecraft:birch_log":7,"minecraft:magma_block":3,"minecraft:birch_door":1,"minecraft:coarse_dirt":1,"minecraft:crafting_table":4,"minecraft:cooked_beef":2,"minecraft:feather":8,"minecraft:chicken":7,"minecraft:andesite":2,"minecraft:leather":2,"minecraft:gold_block":2,"minecraft:packed_mud":1,"minecraft:tuff":1,"minecraft:oak_log":4,"minecraft:string":1,"minecraft:dirt":5,"minecraft:bone":1,"minecraft:stonecutter":1,"minecraft:wheat_seeds":12,"minecraft:grindstone":1,"minecraft:stone_pickaxe":1,"minecraft:iron_ingot":5,"minecraft:beef":11,"minecraft:cooked_chicken":1,"minecraft:oak_planks":7,"minecraft:furnace":3,"minecraft:stick":2,"minecraft:raw_iron":28,"minecraft:sandstone":6,"minecraft:birch_boat":2,"minecraft:sweet_berries":3,"minecraft:sand":5,"minecraft:blast_furnace":1,"minecraft:diorite":1,"minecraft:arrow":1,"minecraft:rotten_flesh":8,"minecraft:dead_brain_coral_block":2,"minecraft:mutton":1,"minecraft:coal":40,"minecraft:snowball":144,"minecraft:white_wool":1,"minecraft:cobblestone":88},"minecraft:used":{"minecraft:stone_shovel":70,"minecraft:stone_pickaxe":105,"minecraft:oak_planks":3,"minecraft:birch_boat":1,"minecraft:shield":16,"minecraft:wooden_pickaxe":3,"minecraft:sandstone":6,"minecraft:iron_sword":49,"minecraft:cooked_chicken":8,"minecraft:rotten_flesh":2,"minecraft:iron_chestplate":1,"minecraft:dirt":3,"minecraft:crafting_table":6,"minecraft:dead_brain_coral_block":2,"minecraft:snowball":144,"minecraft:obsidian":1,"minecraft:birch_door":4,"minecraft:packed_mud":1,"minecraft:iron_pickaxe":68,"minecraft:iron_helmet":1,"minecraft:iron_boots":1,"minecraft:golden_helmet":1,"minecraft:cobblestone":59,"minecraft:furnace":4,"minecraft:cooked_beef":6,"minecraft:coarse_dirt":1,"minecraft:iron_leggings":1},"minecraft:broken":{"minecraft:stone_pickaxe":1}},"DataVersion":3465}