{"stats":{"minecraft:mined":{"minecraft:tuff":1,"minecraft:furnace":1,"minecraft:birch_log":7,"minecraft:iron_ore":7,"minecraft:birch_leaves":2,"minecraft:andesite":2,"minecraft:grass":2,"minecraft:dead_brain_coral_block":2,"minecraft:grass_block":1,"minecraft:oak_log":4,"minecraft:coal_ore":11,"minecraft:dirt":2,"minecraft:tall_grass":3,"minecraft:stone":55},"minecraft:custom":{"minecraft:time_since_rest":18212,"minecraft:interact_with_furnace":20,"minecraft:sprint_one_cm":45925,"minecraft:damage_taken":405,"minecraft:walk_one_cm":47203,"minecraft:mob_kills":10,"minecraft:drop":10,"minecraft:damage_dealt":809,"minecraft:interact_with_crafting_table":10,"minecraft:fly_one_cm":55134,"minecraft:crouch_one_cm":6080,"minecraft:play_time":24000,"minecraft:deaths":1,"minecraft:sneak_time":1958,"minecraft:walk_under_water_one_cm":279,"minecraft:boat_one_cm":33934,"minecraft:jump":492,"minecraft:time_since_death":18187,"minecraft:walk_on_water_one_cm":505,"minecraft:total_world_time":24000,"minecraft:fall_one_cm":14855},"minecraft:killed":{"minecraft:sheep":1,"minecraft:zombie":2,"minecraft:chicken":7},"minecraft:crafted":{"minecraft:oak_planks":16,"minecraft:crafting_table":2,"minecraft:stick":8,"minecraft:iron_pickaxe":1,"minecraft:wooden_pickaxe":1,"minecraft:iron_ingot":7,"minecraft:cooked_chicken":7,"minecraft:stone_pickaxe":1,"minecraft:furnace":2,"minecraft:birch_planks":28,"minecraft:air":0},"minecraft:dropped":{"minecraft:wheat_seeds":8,"minecraft:andesite":2,"minecraft:tuff":1,"minecraft:rotten_flesh":1,"minecraft:wooden_pickaxe":1},"minecraft:picked_up":{"minecraft:birch_log":7,"minecraft:raw_iron":7,"minecraft:feather":8,"minecraft:chicken":7,"minecraft:andesite":2,"minecraft:tuff":1,"minecraft:oak_log":4,"minecraft:dirt":3,"minecraft:rotten_flesh":5,"minecraft:wheat_seeds":10,"minecraft:beef":5,"minecraft:dead_brain_coral_block":2,"minecraft:iron_ingot":5,"minecraft:stone_pickaxe":1,"minecraft:mutton":1,"minecraft:oak_planks":7,"minecraft:coal":23,"minecraft:white_wool":1,"minecraft:cobblestone":60,"minecraft:furnace":1},"minecraft:used":{"minecraft:stone_pickaxe":105,"minecraft:iron_pickaxe":1,"minecraft:oak_planks":3,"minecraft:wooden_pickaxe":3,"minecraft:cooked_chicken":2,"minecraft:rotten_flesh":2,"minecraft:dirt":3,"minecraft:cobblestone":32,"minecraft:crafting_table":2,"minecraft:furnace":2,"minecraft:dead_brain_coral_block":2},"minecraft:broken":{"minecraft:stone_pickaxe":1}},"DataVersion":3465}