{"stats":{"minecraft:mined":{"minecraft:tuff":1,"minecraft:snow_block":17,"minecraft:crafting_table":3,"minecraft:blast_furnace":1,"minecraft:grass_block":3,"minecraft:tall_grass":7,"minecraft:grindstone":1,"minecraft:large_fern":2,"minecraft:coarse_dirt":2,"minecraft:packed_mud":1,"minecraft:furnace":2,"minecraft:sweet_berry_bush":1,"minecraft:birch_log":7,"minecraft:iron_ore":26,"minecraft:snow":39,"minecraft:andesite":2,"minecraft:birch_leaves":2,"minecraft:grass":7,"minecraft:dead_brain_coral_block":2,"minecraft:coal_ore":11,"minecraft:oak_log":4,"minecraft:dirt":3,"minecraft:stonecutter":1,"minecraft:stone":71},"minecraft:custom":{"minecraft:interact_with_furnace":42,"minecraft:mob_kills":19,"minecraft:interact_with_crafting_table":24,"minecraft:time_since_death":48187,"minecraft:time_since_rest":48212,"minecraft:sprint_one_cm":160269,"minecraft:damage_taken":918,"minecraft:walk_one_cm":121838,"minecraft:damage_blocked_by_shield":105,"minecraft:drop":23,"minecraft:damage_dealt":2594,"minecraft:talked_to_villager":6,"minecraft:swim_one_cm":17011,"minecraft:fly_one_cm":227974,"minecraft:open_chest":6,"minecraft:crouch_one_cm":8173,"minecraft:play_time":54000,"minecraft:deaths":1,"minecraft:sneak_time":2912,"minecraft:walk_under_water_one_cm":11011,"minecraft:boat_one_cm":73503,"minecraft:jump":1479,"minecraft:interact_with_blast_furnace":1,"minecraft:walk_on_water_one_cm":4902,"minecraft:total_world_time":54000,"minecraft:fall_one_cm":39096},"minecraft:killed":{"minecraft:spider":1,"minecraft:skeleton":1,"minecraft:sheep":1,"minecraft:goat":2,"minecraft:zombie":5,"minecraft:chicken":7,"minecraft:villager":1,"minecraft:cow":1},"minecraft:crafted":{"minecraft:cooked_beef":1,"minecraft:oak_planks":16,"minecraft:stone_shovel":1,"minecraft:crafting_table":4,"minecraft:wooden_pickaxe":1,"minecraft:cooked_chicken":7,"minecraft:iron_sword":1,"minecraft:furnace":2,"minecraft:birch_planks":28,"minecraft:air":0,"minecraft:iron_boots":1,"minecraft:iron_chestplate":1,"minecraft:shield":1,"minecraft:stick":8,"minecraft:iron_ingot":26,"minecraft:iron_pickaxe":1,"minecraft:stone_pickaxe":1,"minecraft:iron_leggings":1,"minecraft:birch_door":3},"minecraft:dropped":{"minecraft:sweet_berries":3,"minecraft:wheat_seeds":10,"minecraft:golden_helmet":1,"minecraft:tuff":1,"minecraft:feather":8,"minecraft:cobblestone":2,"minecraft:grindstone":1,"minecraft:rotten_flesh":3,"minecraft:stick":1,"minecraft:dirt":2,"minecraft:andesite":2,"minecraft:stonecutter":1,"minecraft:birch_boat":1,"minecraft:arrow":1,"minecraft:wooden_pickaxe":1,"minecraft:string":1},"minecraft:picked_up":{"minecraft:birch_log":7,"minecraft:coarse_dirt":1,"minecraft:crafting_table":3,"minecraft:cooked_beef":2,"minecraft:feather":8,"minecraft:chicken":7,"minecraft:andesite":2,"minecraft:leather":2,"minecraft:packed_mud":1,"minecraft:tuff":1,"minecraft:oak_log":4,"minecraft:string":1,"minecraft:dirt":5,"minecraft:bone":1,"minecraft:stonecutter":1,"minecraft:wheat_seeds":12,"minecraft:grindstone":1,"minecraft:stone_pickaxe":1,"minecraft:iron_ingot":5,"minecraft:beef":11,"minecraft:cooked_chicken":1,"minecraft:oak_planks":7,"minecraft:furnace":2,"minecraft:stick":2,"minecraft:raw_iron":26,"minecraft:birch_boat":1,"minecraft:sweet_berries":3,"minecraft:blast_furnace":1,"minecraft:arrow":1,"minecraft:rotten_flesh":5,"minecraft:dead_brain_coral_block":2,"minecraft:mutton":1,"minecraft:coal":32,"minecraft:snowball":144,"minecraft:white_wool":1,"minecraft:cobblestone":77},"minecraft:used":{"minecraft:stone_shovel":68,"minecraft:stone_pickaxe":105,"minecraft:oak_planks":3,"minecraft:shield":3,"minecraft:wooden_pickaxe":3,"minecraft:iron_sword":35,"minecraft:cooked_chicken":8,"minecraft:rotten_flesh":2,"minecraft:iron_chestplate":1,"minecraft:dirt":3,"minecraft:crafting_table":6,"minecraft:dead_brain_coral_block":2,"minecraft:snowball":141,"minecraft:birch_door":2,"minecraft:packed_mud":1,"minecraft:iron_pickaxe":41,"minecraft:iron_helmet":1,"minecraft:iron_boots":1,"minecraft:golden_helmet":1,"minecraft:cobblestone":49,"minecraft:furnace":4,"minecraft:cooked_beef":3,"minecraft:coarse_dirt":1,"minecraft:iron_leggings":1},"minecraft:broken":{"minecraft:stone_pickaxe":1}},"DataVersion":3465}