{"stats":{"minecraft:mined":{"minecraft:tuff":1,"minecraft:iron_ore":5,"minecraft:andesite":2,"minecraft:dead_brain_coral_block":2,"minecraft:grass_block":1,"minecraft:oak_log":4,"minecraft:coal_ore":8,"minecraft:dirt":2,"minecraft:tall_grass":1,"minecraft:stone":26},"minecraft:custom":{"minecraft:time_since_rest":6212,"minecraft:interact_with_furnace":6,"minecraft:sprint_one_cm":17842,"minecraft:damage_taken":290,"minecraft:walk_one_cm":19583,"minecraft:mob_kills":2,"minecraft:drop":7,"minecraft:damage_dealt":362,"minecraft:interact_with_crafting_table":4,"minecraft:fly_one_cm":24465,"minecraft:crouch_one_cm":1967,"minecraft:play_time":12000,"minecraft:deaths":1,"minecraft:sneak_time":799,"minecraft:walk_under_water_one_cm":279,"minecraft:jump":231,"minecraft:time_since_death":6187,"minecraft:walk_on_water_one_cm":505,"minecraft:total_world_time":12000,"minecraft:fall_one_cm":7675},"minecraft:killed":{"minecraft:zombie":2},"minecraft:crafted":{"minecraft:oak_planks":16,"minecraft:crafting_table":2,"minecraft:stick":4,"minecraft:wooden_pickaxe":1,"minecraft:iron_ingot":5,"minecraft:stone_pickaxe":1,"minecraft:furnace":1,"minecraft:air":0},"minecraft:dropped":{"minecraft:wheat_seeds":3,"minecraft:andesite":2,"minecraft:tuff":1,"minecraft:rotten_flesh":1,"minecraft:wooden_pickaxe":1},"minecraft:picked_up":{"minecraft:raw_iron":5,"minecraft:andesite":2,"minecraft:tuff":1,"minecraft:oak_log":4,"minecraft:dirt":3,"minecraft:rotten_flesh":3,"minecraft:wheat_seeds":5,"minecraft:dead_brain_coral_block":2,"minecraft:iron_ingot":5,"minecraft:stone_pickaxe":1,"minecraft:oak_planks":7,"minecraft:coal":8,"minecraft:cobblestone":32},"minecraft:used":{"minecraft:stone_pickaxe":55,"minecraft:wooden_pickaxe":3,"minecraft:rotten_flesh":2,"minecraft:dirt":3,"minecraft:crafting_table":1,"minecraft:furnace":1,"minecraft:dead_brain_coral_block":2}},"DataVersion":3465}