{"stats":{"minecraft:mined":{"minecraft:tuff":1,"minecraft:snow_block":17,"minecraft:crafting_table":2,"minecraft:blast_furnace":1,"minecraft:grass_block":2,"minecraft:tall_grass":6,"minecraft:grindstone":1,"minecraft:coarse_dirt":2,"minecraft:furnace":2,"minecraft:birch_log":7,"minecraft:iron_ore":26,"minecraft:snow":39,"minecraft:andesite":2,"minecraft:birch_leaves":2,"minecraft:grass":2,"minecraft:dead_brain_coral_block":2,"minecraft:coal_ore":11,"minecraft:oak_log":4,"minecraft:dirt":3,"minecraft:stonecutter":1,"minecraft:stone":71},"minecraft:custom":{"minecraft:interact_with_furnace":40,"minecraft:mob_kills":12,"minecraft:interact_with_crafting_table":21,"minecraft:time_since_death":36187,"minecraft:time_since_rest":36212,"minecraft:sprint_one_cm":112153,"minecraft:damage_taken":660,"minecraft:walk_one_cm":95160,"minecraft:drop":12,"minecraft:damage_dealt":1224,"minecraft:swim_one_cm":7128,"minecraft:fly_one_cm":148492,"minecraft:open_chest":1,"minecraft:crouch_one_cm":7982,"minecraft:play_time":42000,"minecraft:deaths":1,"minecraft:sneak_time":2622,"minecraft:walk_under_water_one_cm":4401,"minecraft:boat_one_cm":69877,"minecraft:jump":1053,"minecraft:interact_with_blast_furnace":1,"minecraft:walk_on_water_one_cm":2135,"minecraft:total_world_time":42000,"minecraft:fall_one_cm":28078},"minecraft:killed":{"minecraft:sheep":1,"minecraft:zombie":4,"minecraft:chicken":7},"minecraft:crafted":{"minecraft:oak_planks":16,"minecraft:stone_shovel":1,"minecraft:crafting_table":4,"minecraft:wooden_pickaxe":1,"minecraft:cooked_chicken":7,"minecraft:iron_sword":1,"minecraft:furnace":2,"minecraft:birch_planks":28,"minecraft:air":0,"minecraft:iron_boots":1,"minecraft:iron_chestplate":1,"minecraft:shield":1,"minecraft:stick":8,"minecraft:iron_ingot":26,"minecraft:iron_pickaxe":1,"minecraft:stone_pickaxe":1,"minecraft:iron_leggings":1},"minecraft:dropped":{"minecraft:wheat_seeds":8,"minecraft:golden_helmet":1,"minecraft:tuff":1,"minecraft:rotten_flesh":1,"minecraft:andesite":2,"minecraft:birch_boat":1,"minecraft:wooden_pickaxe":1},"minecraft:picked_up":{"minecraft:birch_log":7,"minecraft:coarse_dirt":1,"minecraft:crafting_table":2,"minecraft:cooked_beef":2,"minecraft:feather":8,"minecraft:chicken":7,"minecraft:andesite":2,"minecraft:tuff":1,"minecraft:oak_log":4,"minecraft:dirt":4,"minecraft:stonecutter":1,"minecraft:wheat_seeds":12,"minecraft:grindstone":1,"minecraft:stone_pickaxe":1,"minecraft:iron_ingot":5,"minecraft:beef":8,"minecraft:cooked_chicken":1,"minecraft:oak_planks":7,"minecraft:furnace":2,"minecraft:stick":2,"minecraft:raw_iron":26,"minecraft:birch_boat":1,"minecraft:sweet_berries":3,"minecraft:blast_furnace":1,"minecraft:rotten_flesh":5,"minecraft:dead_brain_coral_block":2,"minecraft:mutton":1,"minecraft:coal":32,"minecraft:snowball":144,"minecraft:white_wool":1,"minecraft:cobblestone":76},"minecraft:used":{"minecraft:stone_shovel":68,"minecraft:stone_pickaxe":105,"minecraft:oak_planks":3,"minecraft:wooden_pickaxe":3,"minecraft:iron_sword":4,"minecraft:cooked_chicken":8,"minecraft:rotten_flesh":2,"minecraft:iron_chestplate":1,"minecraft:dirt":3,"minecraft:crafting_table":5,"minecraft:dead_brain_coral_block":2,"minecraft:snowball":27,"minecraft:iron_pickaxe":40,"minecraft:iron_helmet":1,"minecraft:iron_boots":1,"minecraft:golden_helmet":1,"minecraft:cobblestone":49,"minecraft:furnace":3,"minecraft:coarse_dirt":1,"minecraft:iron_leggings":1},"minecraft:broken":{"minecraft:stone_pickaxe":1}},"DataVersion":3465}