{"stats":{"minecraft:mined":{"minecraft:tuff":2,"minecraft:spruce_planks":237,"minecraft:mossy_cobblestone":11,"minecraft:dark_oak_leaves":6,"minecraft:oak_door":2,"minecraft:cobblestone_stairs":29,"minecraft:granite":1,"minecraft:grass_block":157,"minecraft:spruce_fence":1,"minecraft:spruce_leaves":62,"minecraft:cartography_table":1,"minecraft:moss_block":10,"minecraft:furnace":4,"minecraft:iron_ore":34,"minecraft:andesite":6,"minecraft:peony":1,"minecraft:purple_carpet":3,"minecraft:stone":1204,"minecraft:white_wool":4,"minecraft:crafting_table":10,"minecraft:torch":4,"minecraft:blast_furnace":2,"minecraft:oak_wood":8,"minecraft:cobblestone":337,"minecraft:tall_grass":38,"minecraft:diorite":17,"minecraft:blue_bed":8,"minecraft:wall_torch":6,"minecraft:pink_petals":6,"minecraft:gray_wool":1,"minecraft:jungle_wood":7,"minecraft:cobblestone_wall":1,"minecraft:wheat":4,"minecraft:sweet_berry_bush":38,"minecraft:white_carpet":3,"minecraft:spruce_log":44,"minecraft:yellow_bed":2,"minecraft:grass":45,"minecraft:oak_log":47,"minecraft:coal_ore":241,"minecraft:loom":1,"minecraft:dirt":136,"minecraft:stonecutter":2,"minecraft:oak_leaves":14,"minecraft:fern":2},"minecraft:custom":{"minecraft:mob_kills":60,"minecraft:interact_with_crafting_table":46,"minecraft:leave_game":5,"minecraft:time_since_death":177945,"minecraft:climb_one_cm":1028,"minecraft:sprint_one_cm":361052,"minecraft:walk_one_cm":481983,"minecraft:damage_blocked_by_shield":570,"minecraft:drop":29,"minecraft:talked_to_villager":1,"minecraft:play_time":292474,"minecraft:deaths":3,"minecraft:sneak_time":21594,"minecraft:jump":3593,"minecraft:interact_with_blast_furnace":8,"minecraft:walk_on_water_one_cm":102,"minecraft:total_world_time":292474,"minecraft:interact_with_furnace":28,"minecraft:interact_with_cartography_table":1,"minecraft:interact_with_loom":1,"minecraft:interact_with_stonecutter":2,"minecraft:sleep_in_bed":14,"minecraft:time_since_rest":3249,"minecraft:damage_taken":3805,"minecraft:damage_dealt":8886,"minecraft:fly_one_cm":446681,"minecraft:open_chest":39,"minecraft:crouch_one_cm":85204,"minecraft:fall_one_cm":109433},"minecraft:killed":{"minecraft:spider":2,"minecraft:skeleton":3,"minecraft:bee":1,"minecraft:pig":14,"minecraft:zombie_villager":4,"minecraft:iron_golem":1,"minecraft:creeper":1,"minecraft:sheep":9,"minecraft:trader_llama":2,"minecraft:goat":1,"minecraft:zombie":12,"minecraft:cow":8},"minecraft:crafted":{"minecraft:oak_door":6,"minecraft:oak_planks":172,"minecraft:coal":18,"minecraft:stone_shovel":1,"minecraft:furnace":1,"minecraft:bone_meal":9,"minecraft:spruce_fence":12,"minecraft:cooked_mutton":17,"minecraft:iron_boots":1,"minecraft:iron_axe":1,"minecraft:stone_pickaxe":10,"minecraft:chest":10,"minecraft:stone_hoe":1,"minecraft:coal_block":16,"minecraft:cooked_porkchop":21,"minecraft:crafting_table":5,"minecraft:spruce_planks":176,"minecraft:wooden_pickaxe":2,"minecraft:iron_helmet":1,"minecraft:iron_sword":1,"minecraft:stone_axe":4,"minecraft:air":0,"minecraft:jungle_planks":28,"minecraft:iron_chestplate":1,"minecraft:shield":1,"minecraft:stick":56,"minecraft:iron_ingot":68,"minecraft:iron_pickaxe":3,"minecraft:iron_shovel":1,"minecraft:iron_leggings":1,"minecraft:torch":24},"minecraft:dropped":{"minecraft:wheat_seeds":2,"minecraft:crafting_table":1,"minecraft:cooked_porkchop":1,"minecraft:jungle_planks":1,"minecraft:coal":58,"minecraft:dirt":2,"minecraft:raw_iron":13,"minecraft:white_carpet":3,"minecraft:rotten_flesh":5,"minecraft:oak_planks":4,"minecraft:spruce_fence":1,"minecraft:poppy":4,"minecraft:spruce_planks":7,"minecraft:glass":11,"minecraft:purple_carpet":3},"minecraft:picked_up":{"minecraft:iron_chestplate":1,"minecraft:crafting_table":11,"minecraft:wheat":4,"minecraft:wooden_pickaxe":1,"minecraft:shield":1,"minecraft:string":2,"minecraft:iron_leggings":1,"minecraft:white_carpet":3,"minecraft:iron_shovel":1,"minecraft:cartography_table":1,"minecraft:spruce_planks":275,"minecraft:beef":16,"minecraft:poppy":4,"minecraft:iron_pickaxe":2,"minecraft:iron_boots":1,"minecraft:furnace":4,"minecraft:dark_oak_sapling":3,"minecraft:stick":14,"minecraft:raw_iron":103,"minecraft:oak_door":2,"minecraft:torch":12,"minecraft:spruce_fence":1,"minecraft:porkchop":26,"minecraft:diorite":17,"minecraft:arrow":2,"minecraft:rotten_flesh":23,"minecraft:peony":1,"minecraft:mutton":16,"minecraft:white_wool":12,"minecraft:cobblestone":1578,"minecraft:pink_petals":34,"minecraft:cooked_beef":10,"minecraft:andesite":11,"minecraft:leather":15,"minecraft:jungle_wood":7,"minecraft:tuff":4,"minecraft:oak_log":47,"minecraft:yellow_bed":2,"minecraft:cobblestone_wall":1,"minecraft:cobblestone_stairs":29,"minecraft:blue_bed":8,"minecraft:dirt":358,"minecraft:cooked_mutton":9,"minecraft:purple_carpet":3,"minecraft:glass":11,"minecraft:bone":7,"minecraft:stonecutter":2,"minecraft:wheat_seeds":28,"minecraft:stone_pickaxe":1,"minecraft:iron_ingot":29,"minecraft:moss_block":9,"minecraft:oak_planks":52,"minecraft:iron_sword":1,"minecraft:cooked_porkchop":2,"minecraft:sweet_berries":136,"minecraft:jungle_planks":1,"minecraft:spruce_sapling":2,"minecraft:blast_furnace":2,"minecraft:loom":1,"minecraft:spruce_log":44,"minecraft:mossy_cobblestone":17,"minecraft:oak_wood":10,"minecraft:stone_axe":1,"minecraft:iron_helmet":1,"minecraft:granite":1,"minecraft:gray_wool":2,"minecraft:bread":5,"minecraft:oak_sapling":3,"minecraft:coal":336},"minecraft:killed_by":{"minecraft:creeper":2},"minecraft:broken":{"minecraft:stone_pickaxe":8,"minecraft:iron_axe":1,"minecraft:stone_axe":2,"minecraft:iron_pickaxe":3,"minecraft:stone_shovel":1},"minecraft:used":{"minecraft:iron_shovel":136,"minecraft:stone_shovel":143,"minecraft:spruce_planks":376,"minecraft:chest":10,"minecraft:shield":16,"minecraft:iron_sword":38,"minecraft:stone_hoe":8,"minecraft:rotten_flesh":3,"minecraft:oak_door":6,"minecraft:torch":33,"minecraft:dirt":289,"minecraft:cobblestone_wall":1,"minecraft:spruce_fence":10,"minecraft:iron_axe":239,"minecraft:sweet_berries":19,"minecraft:furnace":5,"minecraft:wheat_seeds":12,"minecraft:cooked_mutton":17,"minecraft:diorite":6,"minecraft:cobblestone_stairs":45,"minecraft:stone_pickaxe":1176,"minecraft:wooden_pickaxe":27,"minecraft:stonecutter":1,"minecraft:blue_bed":8,"minecraft:white_wool":8,"minecraft:mossy_cobblestone":5,"minecraft:crafting_table":13,"minecraft:blast_furnace":2,"minecraft:bread":4,"minecraft:iron_pickaxe":751,"minecraft:spruce_sapling":2,"minecraft:stone_axe":320,"minecraft:cobblestone":1307,"minecraft:cooked_porkchop":21,"minecraft:andesite":1,"minecraft:yellow_bed":2,"minecraft:gray_wool":1,"minecraft:bone_meal":9}},"DataVersion":3465}