{"stats":{"minecraft:mined":{"minecraft:tuff":1,"minecraft:mossy_cobblestone":4,"minecraft:crafting_table":3,"minecraft:granite":1,"minecraft:oak_wood":8,"minecraft:cobblestone":1,"minecraft:tall_grass":20,"minecraft:diorite":10,"minecraft:wall_torch":2,"minecraft:jungle_wood":7,"minecraft:furnace":1,"minecraft:iron_ore":16,"minecraft:andesite":5,"minecraft:peony":1,"minecraft:grass":9,"minecraft:coal_ore":52,"minecraft:oak_log":25,"minecraft:dirt":1,"minecraft:stone":138,"minecraft:oak_leaves":5,"minecraft:fern":1},"minecraft:custom":{"minecraft:interact_with_furnace":2,"minecraft:mob_kills":12,"minecraft:interact_with_crafting_table":7,"minecraft:leave_game":3,"minecraft:time_since_death":14018,"minecraft:climb_one_cm":164,"minecraft:time_since_rest":14038,"minecraft:sprint_one_cm":60431,"minecraft:damage_taken":875,"minecraft:walk_one_cm":70788,"minecraft:drop":1,"minecraft:damage_dealt":1724,"minecraft:fly_one_cm":85032,"minecraft:crouch_one_cm":9338,"minecraft:play_time":41877,"minecraft:deaths":2,"minecraft:sneak_time":3648,"minecraft:jump":742,"minecraft:total_world_time":41877,"minecraft:fall_one_cm":15932},"minecraft:killed":{"minecraft:pig":3,"minecraft:spider":2,"minecraft:creeper":1,"minecraft:skeleton":1,"minecraft:zombie":3},"minecraft:crafted":{"minecraft:oak_planks":56,"minecraft:cooked_porkchop":3,"minecraft:crafting_table":5,"minecraft:wooden_pickaxe":2,"minecraft:furnace":1,"minecraft:stone_axe":2,"minecraft:air":0,"minecraft:jungle_planks":28,"minecraft:stick":16,"minecraft:stone_pickaxe":3,"minecraft:torch":4},"minecraft:dropped":{"minecraft:raw_iron":13},"minecraft:picked_up":{"minecraft:crafting_table":4,"minecraft:andesite":10,"minecraft:jungle_wood":7,"minecraft:wooden_pickaxe":1,"minecraft:tuff":2,"minecraft:oak_log":25,"minecraft:dirt":23,"minecraft:string":2,"minecraft:bone":4,"minecraft:wheat_seeds":6,"minecraft:stone_pickaxe":1,"minecraft:oak_planks":52,"minecraft:furnace":1,"minecraft:raw_iron":19,"minecraft:stick":3,"minecraft:cooked_porkchop":1,"minecraft:torch":4,"minecraft:porkchop":5,"minecraft:jungle_planks":1,"minecraft:diorite":14,"minecraft:mossy_cobblestone":8,"minecraft:oak_wood":10,"minecraft:rotten_flesh":5,"minecraft:stone_axe":1,"minecraft:peony":1,"minecraft:granite":1,"minecraft:coal":80,"minecraft:cobblestone":204},"minecraft:killed_by":{"minecraft:creeper":2},"minecraft:used":{"minecraft:diorite":6,"minecraft:stone_pickaxe":218,"minecraft:wooden_pickaxe":27,"minecraft:torch":5,"minecraft:dirt":12,"minecraft:crafting_table":5,"minecraft:stone_axe":68,"minecraft:cobblestone":72,"minecraft:furnace":1,"minecraft:cooked_porkchop":4},"minecraft:broken":{"minecraft:stone_pickaxe":1}},"DataVersion":3465}