{"stats":{"minecraft:mined":{"minecraft:tuff":1,"minecraft:spruce_planks":1,"minecraft:mossy_cobblestone":9,"minecraft:grass_block":115,"minecraft:crafting_table":9,"minecraft:blast_furnace":1,"minecraft:granite":1,"minecraft:spruce_fence":1,"minecraft:oak_wood":8,"minecraft:cobblestone":7,"minecraft:tall_grass":31,"minecraft:spruce_leaves":30,"minecraft:cartography_table":1,"minecraft:diorite":10,"minecraft:blue_bed":6,"minecraft:wall_torch":2,"minecraft:pink_petals":6,"minecraft:gray_wool":1,"minecraft:jungle_wood":7,"minecraft:furnace":3,"minecraft:cobblestone_wall":1,"minecraft:iron_ore":21,"minecraft:sweet_berry_bush":38,"minecraft:white_carpet":3,"minecraft:spruce_log":16,"minecraft:andesite":6,"minecraft:peony":1,"minecraft:grass":40,"minecraft:coal_ore":241,"minecraft:oak_log":25,"minecraft:purple_carpet":3,"minecraft:loom":1,"minecraft:dirt":8,"minecraft:stonecutter":1,"minecraft:stone":193,"minecraft:white_wool":4,"minecraft:oak_leaves":5,"minecraft:fern":2},"minecraft:custom":{"minecraft:interact_with_furnace":9,"minecraft:mob_kills":40,"minecraft:interact_with_cartography_table":1,"minecraft:interact_with_crafting_table":23,"minecraft:interact_with_loom":1,"minecraft:interact_with_stonecutter":1,"minecraft:leave_game":3,"minecraft:time_since_death":74018,"minecraft:sleep_in_bed":3,"minecraft:climb_one_cm":834,"minecraft:time_since_rest":20759,"minecraft:sprint_one_cm":154925,"minecraft:damage_taken":1807,"minecraft:walk_one_cm":164358,"minecraft:damage_blocked_by_shield":450,"minecraft:drop":14,"minecraft:damage_dealt":5893,"minecraft:talked_to_villager":1,"minecraft:fly_one_cm":214045,"minecraft:open_chest":14,"minecraft:crouch_one_cm":17160,"minecraft:play_time":101877,"minecraft:deaths":2,"minecraft:sneak_time":6959,"minecraft:jump":1721,"minecraft:interact_with_blast_furnace":2,"minecraft:total_world_time":101877,"minecraft:fall_one_cm":47190},"minecraft:killed":{"minecraft:pig":13,"minecraft:zombie_villager":4,"minecraft:spider":2,"minecraft:iron_golem":1,"minecraft:creeper":1,"minecraft:sheep":6,"minecraft:skeleton":1,"minecraft:goat":1,"minecraft:zombie":4,"minecraft:cow":5},"minecraft:crafted":{"minecraft:coal_block":16,"minecraft:oak_planks":84,"minecraft:stone_shovel":1,"minecraft:cooked_porkchop":11,"minecraft:crafting_table":5,"minecraft:spruce_planks":64,"minecraft:iron_helmet":1,"minecraft:wooden_pickaxe":2,"minecraft:iron_sword":1,"minecraft:furnace":1,"minecraft:stone_axe":3,"minecraft:air":0,"minecraft:jungle_planks":28,"minecraft:iron_chestplate":1,"minecraft:iron_boots":1,"minecraft:shield":1,"minecraft:stick":32,"minecraft:iron_ingot":5,"minecraft:iron_pickaxe":2,"minecraft:stone_pickaxe":5,"minecraft:chest":2,"minecraft:iron_leggings":1,"minecraft:torch":4},"minecraft:dropped":{"minecraft:wheat_seeds":2,"minecraft:crafting_table":1,"minecraft:raw_iron":13,"minecraft:white_carpet":3,"minecraft:rotten_flesh":5,"minecraft:jungle_planks":1,"minecraft:spruce_fence":1,"minecraft:poppy":4,"minecraft:dirt":2,"minecraft:spruce_planks":1,"minecraft:purple_carpet":3},"minecraft:picked_up":{"minecraft:pink_petals":34,"minecraft:crafting_table":10,"minecraft:andesite":11,"minecraft:leather":4,"minecraft:jungle_wood":7,"minecraft:wooden_pickaxe":1,"minecraft:tuff":2,"minecraft:oak_log":25,"minecraft:cobblestone_wall":1,"minecraft:blue_bed":6,"minecraft:dirt":157,"minecraft:string":2,"minecraft:purple_carpet":3,"minecraft:white_carpet":3,"minecraft:bone":4,"minecraft:stonecutter":1,"minecraft:wheat_seeds":13,"minecraft:cartography_table":1,"minecraft:beef":10,"minecraft:spruce_planks":1,"minecraft:iron_ingot":29,"minecraft:stone_pickaxe":1,"minecraft:poppy":4,"minecraft:oak_planks":52,"minecraft:furnace":3,"minecraft:raw_iron":87,"minecraft:stick":3,"minecraft:cooked_porkchop":1,"minecraft:sweet_berries":78,"minecraft:torch":4,"minecraft:spruce_fence":1,"minecraft:porkchop":23,"minecraft:jungle_planks":1,"minecraft:blast_furnace":1,"minecraft:diorite":14,"minecraft:spruce_log":16,"minecraft:loom":1,"minecraft:mossy_cobblestone":13,"minecraft:oak_wood":10,"minecraft:rotten_flesh":11,"minecraft:stone_axe":1,"minecraft:peony":1,"minecraft:granite":1,"minecraft:gray_wool":2,"minecraft:mutton":11,"minecraft:coal":278,"minecraft:white_wool":9,"minecraft:cobblestone":262},"minecraft:killed_by":{"minecraft:creeper":2},"minecraft:used":{"minecraft:diorite":6,"minecraft:stone_shovel":129,"minecraft:stone_pickaxe":507,"minecraft:chest":2,"minecraft:shield":11,"minecraft:wooden_pickaxe":27,"minecraft:blue_bed":5,"minecraft:rotten_flesh":3,"minecraft:white_wool":5,"minecraft:torch":5,"minecraft:dirt":98,"minecraft:crafting_table":12,"minecraft:blast_furnace":1,"minecraft:cobblestone_wall":1,"minecraft:iron_pickaxe":2,"minecraft:bread":4,"minecraft:stone_axe":219,"minecraft:cobblestone":117,"minecraft:sweet_berries":19,"minecraft:furnace":4,"minecraft:cooked_porkchop":11,"minecraft:andesite":1,"minecraft:gray_wool":1},"minecraft:broken":{"minecraft:stone_pickaxe":3,"minecraft:stone_axe":1}},"DataVersion":3465}