{"stats":{"minecraft:mined":{"minecraft:tuff":1,"minecraft:spruce_planks":1,"minecraft:mossy_cobblestone":4,"minecraft:crafting_table":8,"minecraft:blast_furnace":1,"minecraft:granite":1,"minecraft:spruce_fence":1,"minecraft:oak_wood":8,"minecraft:cobblestone":4,"minecraft:tall_grass":21,"minecraft:cartography_table":1,"minecraft:diorite":10,"minecraft:blue_bed":4,"minecraft:wall_torch":2,"minecraft:jungle_wood":7,"minecraft:furnace":3,"minecraft:iron_ore":21,"minecraft:sweet_berry_bush":38,"minecraft:white_carpet":3,"minecraft:andesite":6,"minecraft:peony":1,"minecraft:grass":14,"minecraft:coal_ore":179,"minecraft:oak_log":25,"minecraft:purple_carpet":3,"minecraft:loom":1,"minecraft:dirt":3,"minecraft:stonecutter":1,"minecraft:stone":162,"minecraft:oak_leaves":5,"minecraft:fern":2},"minecraft:custom":{"minecraft:interact_with_furnace":7,"minecraft:mob_kills":27,"minecraft:interact_with_cartography_table":1,"minecraft:interact_with_crafting_table":13,"minecraft:interact_with_loom":1,"minecraft:interact_with_stonecutter":1,"minecraft:leave_game":3,"minecraft:time_since_death":50018,"minecraft:sleep_in_bed":2,"minecraft:climb_one_cm":834,"minecraft:time_since_rest":11027,"minecraft:sprint_one_cm":118772,"minecraft:damage_taken":1378,"minecraft:walk_one_cm":118700,"minecraft:drop":14,"minecraft:damage_dealt":4475,"minecraft:talked_to_villager":1,"minecraft:fly_one_cm":159595,"minecraft:open_chest":6,"minecraft:crouch_one_cm":13670,"minecraft:play_time":77877,"minecraft:deaths":2,"minecraft:sneak_time":5722,"minecraft:jump":1332,"minecraft:total_world_time":77877,"minecraft:fall_one_cm":31325},"minecraft:killed":{"minecraft:pig":11,"minecraft:zombie_villager":4,"minecraft:spider":2,"minecraft:iron_golem":1,"minecraft:creeper":1,"minecraft:sheep":2,"minecraft:skeleton":1,"minecraft:zombie":3},"minecraft:crafted":{"minecraft:coal_block":16,"minecraft:oak_planks":84,"minecraft:cooked_porkchop":11,"minecraft:crafting_table":5,"minecraft:iron_helmet":1,"minecraft:wooden_pickaxe":2,"minecraft:furnace":1,"minecraft:stone_axe":2,"minecraft:air":0,"minecraft:jungle_planks":28,"minecraft:shield":1,"minecraft:stick":28,"minecraft:iron_ingot":5,"minecraft:iron_pickaxe":1,"minecraft:stone_pickaxe":5,"minecraft:torch":4},"minecraft:dropped":{"minecraft:wheat_seeds":2,"minecraft:crafting_table":1,"minecraft:raw_iron":13,"minecraft:white_carpet":3,"minecraft:rotten_flesh":5,"minecraft:jungle_planks":1,"minecraft:spruce_fence":1,"minecraft:poppy":4,"minecraft:dirt":2,"minecraft:spruce_planks":1,"minecraft:purple_carpet":3},"minecraft:picked_up":{"minecraft:crafting_table":9,"minecraft:andesite":11,"minecraft:jungle_wood":7,"minecraft:wooden_pickaxe":1,"minecraft:tuff":2,"minecraft:oak_log":25,"minecraft:blue_bed":4,"minecraft:dirt":25,"minecraft:string":2,"minecraft:purple_carpet":3,"minecraft:white_carpet":3,"minecraft:bone":4,"minecraft:stonecutter":1,"minecraft:wheat_seeds":6,"minecraft:cartography_table":1,"minecraft:spruce_planks":1,"minecraft:iron_ingot":5,"minecraft:stone_pickaxe":1,"minecraft:poppy":4,"minecraft:oak_planks":52,"minecraft:furnace":3,"minecraft:raw_iron":24,"minecraft:stick":3,"minecraft:cooked_porkchop":1,"minecraft:sweet_berries":78,"minecraft:torch":4,"minecraft:spruce_fence":1,"minecraft:porkchop":19,"minecraft:jungle_planks":1,"minecraft:blast_furnace":1,"minecraft:diorite":14,"minecraft:loom":1,"minecraft:mossy_cobblestone":8,"minecraft:oak_wood":10,"minecraft:rotten_flesh":11,"minecraft:stone_axe":1,"minecraft:peony":1,"minecraft:granite":1,"minecraft:gray_wool":1,"minecraft:mutton":4,"minecraft:coal":209,"minecraft:white_wool":1,"minecraft:cobblestone":228},"minecraft:killed_by":{"minecraft:creeper":2},"minecraft:used":{"minecraft:diorite":6,"minecraft:stone_pickaxe":398,"minecraft:wooden_pickaxe":27,"minecraft:blue_bed":3,"minecraft:rotten_flesh":3,"minecraft:white_wool":1,"minecraft:torch":5,"minecraft:dirt":12,"minecraft:crafting_table":10,"minecraft:iron_pickaxe":2,"minecraft:bread":4,"minecraft:stone_axe":137,"minecraft:cobblestone":92,"minecraft:sweet_berries":19,"minecraft:furnace":3,"minecraft:cooked_porkchop":6,"minecraft:andesite":1,"minecraft:gray_wool":1},"minecraft:broken":{"minecraft:stone_pickaxe":2,"minecraft:stone_axe":1}},"DataVersion":3465}