{"stats":{"minecraft:mined":{"minecraft:tuff":2,"minecraft:spruce_planks":237,"minecraft:mossy_cobblestone":11,"minecraft:cobblestone_stairs":26,"minecraft:granite":1,"minecraft:grass_block":157,"minecraft:spruce_fence":1,"minecraft:spruce_leaves":62,"minecraft:moss_block":10,"minecraft:cartography_table":1,"minecraft:furnace":3,"minecraft:iron_ore":34,"minecraft:andesite":6,"minecraft:peony":1,"minecraft:purple_carpet":3,"minecraft:stone":1188,"minecraft:white_wool":4,"minecraft:crafting_table":9,"minecraft:blast_furnace":1,"minecraft:oak_wood":8,"minecraft:tall_grass":33,"minecraft:cobblestone":242,"minecraft:diorite":16,"minecraft:wall_torch":6,"minecraft:blue_bed":7,"minecraft:pink_petals":6,"minecraft:gray_wool":1,"minecraft:jungle_wood":7,"minecraft:cobblestone_wall":1,"minecraft:sweet_berry_bush":38,"minecraft:white_carpet":3,"minecraft:spruce_log":44,"minecraft:grass":44,"minecraft:oak_log":30,"minecraft:coal_ore":241,"minecraft:loom":1,"minecraft:dirt":114,"minecraft:stonecutter":1,"minecraft:oak_leaves":5,"minecraft:fern":2},"minecraft:custom":{"minecraft:mob_kills":43,"minecraft:interact_with_crafting_table":38,"minecraft:leave_game":3,"minecraft:time_since_death":83345,"minecraft:climb_one_cm":834,"minecraft:sprint_one_cm":251190,"minecraft:walk_one_cm":371694,"minecraft:damage_blocked_by_shield":500,"minecraft:drop":14,"minecraft:talked_to_villager":1,"minecraft:play_time":197874,"minecraft:deaths":3,"minecraft:sneak_time":19336,"minecraft:jump":2727,"minecraft:interact_with_blast_furnace":6,"minecraft:total_world_time":197874,"minecraft:interact_with_furnace":12,"minecraft:interact_with_cartography_table":1,"minecraft:interact_with_loom":1,"minecraft:interact_with_stonecutter":2,"minecraft:sleep_in_bed":10,"minecraft:time_since_rest":13426,"minecraft:damage_taken":2984,"minecraft:damage_dealt":6500,"minecraft:fly_one_cm":332062,"minecraft:open_chest":31,"minecraft:crouch_one_cm":78485,"minecraft:fall_one_cm":79364},"minecraft:killed":{"minecraft:spider":2,"minecraft:skeleton":1,"minecraft:pig":13,"minecraft:zombie_villager":4,"minecraft:iron_golem":1,"minecraft:creeper":1,"minecraft:sheep":6,"minecraft:goat":1,"minecraft:zombie":7,"minecraft:cow":5},"minecraft:crafted":{"minecraft:oak_door":3,"minecraft:oak_planks":104,"minecraft:coal":18,"minecraft:stone_shovel":1,"minecraft:furnace":1,"minecraft:cooked_mutton":11,"minecraft:iron_boots":1,"minecraft:iron_axe":1,"minecraft:stone_pickaxe":9,"minecraft:chest":2,"minecraft:coal_block":16,"minecraft:cooked_porkchop":21,"minecraft:crafting_table":5,"minecraft:spruce_planks":176,"minecraft:wooden_pickaxe":2,"minecraft:iron_helmet":1,"minecraft:iron_sword":1,"minecraft:stone_axe":4,"minecraft:air":0,"minecraft:jungle_planks":28,"minecraft:iron_chestplate":1,"minecraft:shield":1,"minecraft:stick":44,"minecraft:iron_ingot":68,"minecraft:iron_pickaxe":3,"minecraft:iron_shovel":1,"minecraft:iron_leggings":1,"minecraft:torch":24},"minecraft:dropped":{"minecraft:wheat_seeds":2,"minecraft:crafting_table":1,"minecraft:jungle_planks":1,"minecraft:dirt":2,"minecraft:raw_iron":13,"minecraft:white_carpet":3,"minecraft:rotten_flesh":5,"minecraft:spruce_fence":1,"minecraft:poppy":4,"minecraft:spruce_planks":1,"minecraft:purple_carpet":3},"minecraft:picked_up":{"minecraft:iron_chestplate":1,"minecraft:crafting_table":10,"minecraft:wooden_pickaxe":1,"minecraft:shield":1,"minecraft:string":2,"minecraft:iron_leggings":1,"minecraft:white_carpet":3,"minecraft:iron_shovel":1,"minecraft:cartography_table":1,"minecraft:spruce_planks":275,"minecraft:beef":10,"minecraft:iron_pickaxe":2,"minecraft:poppy":4,"minecraft:iron_boots":1,"minecraft:furnace":3,"minecraft:stick":12,"minecraft:raw_iron":103,"minecraft:torch":8,"minecraft:spruce_fence":1,"minecraft:porkchop":23,"minecraft:diorite":17,"minecraft:rotten_flesh":16,"minecraft:peony":1,"minecraft:mutton":11,"minecraft:white_wool":9,"minecraft:cobblestone":1506,"minecraft:pink_petals":34,"minecraft:andesite":11,"minecraft:leather":8,"minecraft:jungle_wood":7,"minecraft:tuff":3,"minecraft:oak_log":30,"minecraft:cobblestone_wall":1,"minecraft:cobblestone_stairs":26,"minecraft:dirt":341,"minecraft:blue_bed":7,"minecraft:cooked_mutton":9,"minecraft:purple_carpet":3,"minecraft:bone":4,"minecraft:stonecutter":1,"minecraft:wheat_seeds":15,"minecraft:stone_pickaxe":1,"minecraft:iron_ingot":29,"minecraft:moss_block":9,"minecraft:iron_sword":1,"minecraft:oak_planks":52,"minecraft:cooked_porkchop":1,"minecraft:sweet_berries":136,"minecraft:jungle_planks":1,"minecraft:spruce_sapling":2,"minecraft:blast_furnace":1,"minecraft:spruce_log":44,"minecraft:loom":1,"minecraft:mossy_cobblestone":17,"minecraft:oak_wood":10,"minecraft:stone_axe":1,"minecraft:iron_helmet":1,"minecraft:granite":1,"minecraft:gray_wool":2,"minecraft:bread":5,"minecraft:coal":278},"minecraft:killed_by":{"minecraft:creeper":2},"minecraft:broken":{"minecraft:stone_pickaxe":7,"minecraft:stone_axe":2,"minecraft:iron_pickaxe":3,"minecraft:stone_shovel":1},"minecraft:used":{"minecraft:iron_shovel":119,"minecraft:stone_shovel":143,"minecraft:chest":2,"minecraft:spruce_planks":376,"minecraft:shield":13,"minecraft:rotten_flesh":3,"minecraft:oak_door":1,"minecraft:torch":27,"minecraft:dirt":241,"minecraft:cobblestone_wall":1,"minecraft:iron_axe":234,"minecraft:sweet_berries":19,"minecraft:furnace":4,"minecraft:cooked_mutton":11,"minecraft:diorite":6,"minecraft:cobblestone_stairs":41,"minecraft:stone_pickaxe":1051,"minecraft:wooden_pickaxe":27,"minecraft:stonecutter":1,"minecraft:blue_bed":7,"minecraft:white_wool":5,"minecraft:mossy_cobblestone":5,"minecraft:crafting_table":12,"minecraft:blast_furnace":1,"minecraft:bread":4,"minecraft:iron_pickaxe":751,"minecraft:stone_axe":289,"minecraft:cobblestone":1092,"minecraft:cooked_porkchop":14,"minecraft:andesite":1,"minecraft:gray_wool":1}},"DataVersion":3465}