{"stats":{"minecraft:mined":{"minecraft:tuff":30,"minecraft:spruce_planks":237,"minecraft:white_bed":2,"minecraft:mossy_cobblestone":12,"minecraft:dark_oak_leaves":6,"minecraft:deepslate_diamond_ore":32,"minecraft:oak_door":2,"minecraft:cobblestone_stairs":29,"minecraft:glow_lichen":1,"minecraft:granite":1,"minecraft:grass_block":163,"minecraft:spruce_fence":1,"minecraft:deepslate_bricks":129,"minecraft:spruce_leaves":65,"minecraft:moss_block":17,"minecraft:cartography_table":1,"minecraft:sandstone":4,"minecraft:rooted_dirt":2,"minecraft:large_fern":7,"minecraft:magma_block":10,"minecraft:packed_mud":7,"minecraft:furnace":6,"minecraft:iron_ore":38,"minecraft:cobbled_deepslate":89,"minecraft:andesite":8,"minecraft:moss_carpet":2,"minecraft:deepslate_lapis_ore":7,"minecraft:peony":2,"minecraft:cave_vines":1,"minecraft:flowering_azalea_leaves":6,"minecraft:deepslate_iron_ore":59,"minecraft:purple_carpet":3,"minecraft:deepslate_brick_stairs":58,"minecraft:azalea_leaves":6,"minecraft:stone":1459,"minecraft:white_wool":4,"minecraft:orange_bed":1,"minecraft:deepslate_redstone_ore":2,"minecraft:glass_pane":1,"minecraft:lily_of_the_valley":1,"minecraft:dandelion":2,"minecraft:clay":1,"minecraft:crafting_table":15,"minecraft:torch":6,"minecraft:blast_furnace":2,"minecraft:oak_wood":19,"minecraft:poppy":4,"minecraft:rose_bush":5,"minecraft:sculk_sensor":1,"minecraft:cobblestone":338,"minecraft:copper_ore":2,"minecraft:tall_grass":71,"minecraft:lapis_ore":2,"minecraft:deepslate_gold_ore":43,"minecraft:grindstone":1,"minecraft:sugar_cane":2,"minecraft:diorite":17,"minecraft:blue_bed":8,"minecraft:wall_torch":9,"minecraft:pink_petals":6,"minecraft:gray_wool":1,"minecraft:coarse_dirt":255,"minecraft:jungle_wood":7,"minecraft:cobblestone_wall":1,"minecraft:wheat":27,"minecraft:sweet_berry_bush":38,"minecraft:lilac":3,"minecraft:spruce_log":47,"minecraft:white_carpet":3,"minecraft:brown_wall_banner":14,"minecraft:mangrove_planks":5,"minecraft:mangrove_leaves":7,"minecraft:bee_nest":1,"minecraft:yellow_bed":2,"minecraft:grass":99,"minecraft:coal_ore":261,"minecraft:oak_log":78,"minecraft:gravel":7,"minecraft:loom":1,"minecraft:sand":8,"minecraft:dirt":220,"minecraft:mangrove_log":16,"minecraft:stonecutter":2,"minecraft:small_dripleaf":1,"minecraft:gold_ore":10,"minecraft:oak_leaves":127,"minecraft:deepslate":901,"minecraft:fern":14},"minecraft:custom":{"minecraft:mob_kills":101,"minecraft:interact_with_crafting_table":72,"minecraft:leave_game":6,"minecraft:climb_one_cm":2060,"minecraft:time_since_death":76383,"minecraft:sprint_one_cm":756225,"minecraft:walk_one_cm":857138,"minecraft:damage_blocked_by_shield":1244,"minecraft:drop":70,"minecraft:talked_to_villager":2,"minecraft:play_time":500283,"minecraft:deaths":5,"minecraft:sneak_time":42681,"minecraft:walk_under_water_one_cm":1556,"minecraft:jump":7215,"minecraft:interact_with_blast_furnace":8,"minecraft:walk_on_water_one_cm":6505,"minecraft:total_world_time":500283,"minecraft:interact_with_furnace":47,"minecraft:interact_with_cartography_table":1,"minecraft:interact_with_loom":1,"minecraft:interact_with_grindstone":2,"minecraft:interact_with_stonecutter":7,"minecraft:sleep_in_bed":23,"minecraft:time_since_rest":3021,"minecraft:damage_taken":6624,"minecraft:damage_dealt":16285,"minecraft:swim_one_cm":18214,"minecraft:fly_one_cm":904325,"minecraft:open_chest":85,"minecraft:crouch_one_cm":153936,"minecraft:fall_one_cm":203143},"minecraft:killed":{"minecraft:witch":1,"minecraft:spider":8,"minecraft:skeleton":15,"minecraft:bee":1,"minecraft:pig":14,"minecraft:zombie_villager":4,"minecraft:iron_golem":1,"minecraft:creeper":1,"minecraft:sheep":12,"minecraft:trader_llama":2,"minecraft:goat":1,"minecraft:zombie":27,"minecraft:villager":2,"minecraft:cow":8},"minecraft:crafted":{"minecraft:oak_door":6,"minecraft:oak_planks":288,"minecraft:stone_shovel":1,"minecraft:coal":18,"minecraft:furnace":2,"minecraft:bone_meal":57,"minecraft:spruce_fence":12,"minecraft:cooked_mutton":22,"minecraft:iron_boots":1,"minecraft:iron_axe":2,"minecraft:stone_pickaxe":12,"minecraft:chest":14,"minecraft:stone_hoe":1,"minecraft:cooked_beef":6,"minecraft:coal_block":16,"minecraft:cooked_porkchop":24,"minecraft:crafting_table":7,"minecraft:spruce_planks":184,"minecraft:iron_helmet":1,"minecraft:wooden_pickaxe":2,"minecraft:iron_sword":1,"minecraft:mangrove_planks":52,"minecraft:bread":6,"minecraft:stone_axe":4,"minecraft:air":0,"minecraft:jungle_planks":28,"minecraft:iron_chestplate":1,"minecraft:shield":1,"minecraft:stick":84,"minecraft:iron_ingot":77,"minecraft:iron_pickaxe":9,"minecraft:iron_shovel":4,"minecraft:iron_leggings":1,"minecraft:white_bed":1,"minecraft:torch":128},"minecraft:dropped":{"minecraft:moss_block":5,"minecraft:wheat_seeds":2,"minecraft:diamond":32,"minecraft:crafting_table":1,"minecraft:cooked_porkchop":1,"minecraft:jungle_planks":1,"minecraft:coal":58,"minecraft:dirt":2,"minecraft:string":3,"minecraft:moss_carpet":1,"minecraft:sweet_berries":58,"minecraft:tuff":23,"minecraft:raw_iron":13,"minecraft:clay_ball":4,"minecraft:white_carpet":3,"minecraft:rotten_flesh":5,"minecraft:oak_planks":4,"minecraft:spruce_fence":1,"minecraft:poppy":4,"minecraft:potato":1,"minecraft:spruce_planks":7,"minecraft:sandstone":2,"minecraft:glass":11,"minecraft:purple_carpet":3,"minecraft:egg":1},"minecraft:picked_up":{"minecraft:coarse_dirt":254,"minecraft:crafting_table":18,"minecraft:iron_chestplate":3,"minecraft:wheat":25,"minecraft:clay_ball":4,"minecraft:wooden_pickaxe":1,"minecraft:shield":3,"minecraft:string":6,"minecraft:moss_carpet":2,"minecraft:raw_copper":6,"minecraft:iron_leggings":3,"minecraft:white_carpet":3,"minecraft:iron_shovel":3,"minecraft:cartography_table":1,"minecraft:cobbled_deepslate":1300,"minecraft:spruce_planks":275,"minecraft:beef":16,"minecraft:rose_bush":5,"minecraft:jungle_sapling":3,"minecraft:iron_nugget":28,"minecraft:poppy":8,"minecraft:iron_pickaxe":2,"minecraft:sugar_cane":2,"minecraft:mangrove_log":13,"minecraft:furnace":8,"minecraft:iron_boots":3,"minecraft:egg":2,"minecraft:dark_oak_sapling":3,"minecraft:stick":27,"minecraft:raw_iron":253,"minecraft:sandstone":6,"minecraft:oak_door":2,"minecraft:torch":18,"minecraft:spruce_fence":1,"minecraft:porkchop":26,"minecraft:diorite":17,"minecraft:redstone":10,"minecraft:orange_bed":1,"minecraft:arrow":36,"minecraft:rotten_flesh":48,"minecraft:peony":2,"minecraft:deepslate_bricks":129,"minecraft:deepslate_brick_stairs":58,"minecraft:mutton":16,"minecraft:white_wool":15,"minecraft:cobblestone":2106,"minecraft:pink_petals":34,"minecraft:lilac":2,"minecraft:cooked_beef":10,"minecraft:andesite":13,"minecraft:leather":15,"minecraft:jungle_wood":7,"minecraft:potato":1,"minecraft:packed_mud":7,"minecraft:tuff":29,"minecraft:oak_log":78,"minecraft:yellow_bed":2,"minecraft:cobblestone_wall":1,"minecraft:cobblestone_stairs":29,"minecraft:lapis_lazuli":162,"minecraft:dirt":448,"minecraft:blue_bed":8,"minecraft:cooked_mutton":9,"minecraft:purple_carpet":3,"minecraft:glass":11,"minecraft:bone":39,"minecraft:apple":3,"minecraft:bow":1,"minecraft:stonecutter":2,"minecraft:wheat_seeds":98,"minecraft:raw_gold":139,"minecraft:stone_pickaxe":3,"minecraft:grindstone":3,"minecraft:iron_ingot":65,"minecraft:glass_bottle":6,"minecraft:moss_block":16,"minecraft:mangrove_planks":81,"minecraft:oak_planks":52,"minecraft:iron_sword":3,"minecraft:cooked_porkchop":2,"minecraft:sweet_berries":136,"minecraft:dandelion":2,"minecraft:gravel":7,"minecraft:jungle_planks":1,"minecraft:sand":8,"minecraft:spruce_sapling":2,"minecraft:white_bed":2,"minecraft:blast_furnace":2,"minecraft:spruce_log":47,"minecraft:loom":1,"minecraft:lily_of_the_valley":1,"minecraft:mossy_cobblestone":18,"minecraft:oak_wood":21,"minecraft:diamond":96,"minecraft:stone_axe":1,"minecraft:iron_helmet":3,"minecraft:granite":1,"minecraft:gray_wool":2,"minecraft:bread":17,"minecraft:rooted_dirt":2,"minecraft:oak_sapling":14,"minecraft:brown_banner":19,"minecraft:coal":359},"minecraft:killed_by":{"minecraft:player":2,"minecraft:creeper":2},"minecraft:broken":{"minecraft:stone_pickaxe":10,"minecraft:iron_axe":1,"minecraft:stone_axe":3,"minecraft:iron_pickaxe":8,"minecraft:stone_shovel":1},"minecraft:used":{"minecraft:peony":1,"minecraft:moss_carpet":1,"minecraft:rose_bush":4,"minecraft:iron_shovel":520,"minecraft:stone_shovel":143,"minecraft:chest":14,"minecraft:spruce_planks":376,"minecraft:shield":34,"minecraft:iron_sword":210,"minecraft:stone_hoe":26,"minecraft:rotten_flesh":4,"minecraft:orange_bed":1,"minecraft:oak_door":6,"minecraft:torch":92,"minecraft:dirt":377,"minecraft:lily_of_the_valley":1,"minecraft:cobblestone_wall":1,"minecraft:oak_wood":3,"minecraft:tuff":2,"minecraft:spruce_fence":10,"minecraft:iron_axe":385,"minecraft:sweet_berries":19,"minecraft:furnace":8,"minecraft:cooked_beef":16,"minecraft:cobbled_deepslate":416,"minecraft:wheat_seeds":19,"minecraft:cooked_mutton":22,"minecraft:water_bucket":3,"minecraft:diorite":6,"minecraft:cobblestone_stairs":45,"minecraft:stone_pickaxe":1423,"minecraft:mangrove_planks":5,"minecraft:wooden_pickaxe":27,"minecraft:sandstone":2,"minecraft:stonecutter":2,"minecraft:blue_bed":8,"minecraft:deepslate_bricks":129,"minecraft:white_wool":8,"minecraft:mossy_cobblestone":6,"minecraft:sand":3,"minecraft:blast_furnace":2,"minecraft:brown_banner":15,"minecraft:crafting_table":20,"minecraft:white_bed":3,"minecraft:deepslate_brick_stairs":72,"minecraft:bread":21,"minecraft:iron_pickaxe":2209,"minecraft:spruce_sapling":2,"minecraft:lilac":1,"minecraft:stone_axe":369,"minecraft:cobblestone":1443,"minecraft:cooked_porkchop":25,"minecraft:bucket":3,"minecraft:andesite":1,"minecraft:yellow_bed":2,"minecraft:coarse_dirt":252,"minecraft:gray_wool":1,"minecraft:bone_meal":15}},"DataVersion":3465}