{"stats":{"minecraft:mined":{"minecraft:tuff":1,"minecraft:spruce_planks":8,"minecraft:mossy_cobblestone":11,"minecraft:granite":1,"minecraft:grass_block":157,"minecraft:spruce_fence":1,"minecraft:spruce_leaves":34,"minecraft:moss_block":8,"minecraft:cartography_table":1,"minecraft:furnace":3,"minecraft:iron_ore":24,"minecraft:andesite":6,"minecraft:peony":1,"minecraft:purple_carpet":3,"minecraft:stone":364,"minecraft:white_wool":4,"minecraft:crafting_table":9,"minecraft:blast_furnace":1,"minecraft:oak_wood":8,"minecraft:tall_grass":32,"minecraft:cobblestone":10,"minecraft:diorite":10,"minecraft:wall_torch":2,"minecraft:blue_bed":6,"minecraft:pink_petals":6,"minecraft:gray_wool":1,"minecraft:jungle_wood":7,"minecraft:cobblestone_wall":1,"minecraft:sweet_berry_bush":38,"minecraft:white_carpet":3,"minecraft:spruce_log":16,"minecraft:grass":44,"minecraft:oak_log":25,"minecraft:coal_ore":241,"minecraft:loom":1,"minecraft:dirt":12,"minecraft:stonecutter":1,"minecraft:oak_leaves":5,"minecraft:fern":2},"minecraft:custom":{"minecraft:mob_kills":40,"minecraft:interact_with_crafting_table":24,"minecraft:leave_game":3,"minecraft:time_since_death":86018,"minecraft:climb_one_cm":834,"minecraft:sprint_one_cm":167347,"minecraft:walk_one_cm":201569,"minecraft:damage_blocked_by_shield":450,"minecraft:drop":14,"minecraft:talked_to_villager":1,"minecraft:play_time":113877,"minecraft:deaths":2,"minecraft:sneak_time":8094,"minecraft:jump":1952,"minecraft:interact_with_blast_furnace":2,"minecraft:total_world_time":113877,"minecraft:interact_with_furnace":11,"minecraft:interact_with_cartography_table":1,"minecraft:interact_with_loom":1,"minecraft:interact_with_stonecutter":1,"minecraft:sleep_in_bed":4,"minecraft:time_since_rest":9575,"minecraft:damage_taken":2157,"minecraft:damage_dealt":5893,"minecraft:fly_one_cm":232353,"minecraft:open_chest":17,"minecraft:crouch_one_cm":23993,"minecraft:fall_one_cm":54123},"minecraft:killed":{"minecraft:spider":2,"minecraft:skeleton":1,"minecraft:pig":13,"minecraft:zombie_villager":4,"minecraft:iron_golem":1,"minecraft:creeper":1,"minecraft:sheep":6,"minecraft:goat":1,"minecraft:zombie":4,"minecraft:cow":5},"minecraft:crafted":{"minecraft:oak_planks":84,"minecraft:stone_shovel":1,"minecraft:furnace":1,"minecraft:cooked_mutton":11,"minecraft:iron_boots":1,"minecraft:stone_pickaxe":5,"minecraft:chest":2,"minecraft:coal_block":16,"minecraft:cooked_porkchop":11,"minecraft:crafting_table":5,"minecraft:spruce_planks":64,"minecraft:wooden_pickaxe":2,"minecraft:iron_helmet":1,"minecraft:iron_sword":1,"minecraft:stone_axe":3,"minecraft:air":0,"minecraft:jungle_planks":28,"minecraft:iron_chestplate":1,"minecraft:shield":1,"minecraft:stick":32,"minecraft:iron_ingot":5,"minecraft:iron_pickaxe":2,"minecraft:iron_shovel":1,"minecraft:iron_leggings":1,"minecraft:torch":4},"minecraft:dropped":{"minecraft:wheat_seeds":2,"minecraft:crafting_table":1,"minecraft:jungle_planks":1,"minecraft:dirt":2,"minecraft:raw_iron":13,"minecraft:white_carpet":3,"minecraft:rotten_flesh":5,"minecraft:spruce_fence":1,"minecraft:poppy":4,"minecraft:spruce_planks":1,"minecraft:purple_carpet":3},"minecraft:picked_up":{"minecraft:crafting_table":10,"minecraft:wooden_pickaxe":1,"minecraft:string":2,"minecraft:white_carpet":3,"minecraft:cartography_table":1,"minecraft:spruce_planks":8,"minecraft:beef":10,"minecraft:poppy":4,"minecraft:furnace":3,"minecraft:stick":3,"minecraft:raw_iron":90,"minecraft:torch":4,"minecraft:spruce_fence":1,"minecraft:porkchop":23,"minecraft:diorite":14,"minecraft:rotten_flesh":11,"minecraft:peony":1,"minecraft:mutton":11,"minecraft:white_wool":9,"minecraft:cobblestone":436,"minecraft:pink_petals":34,"minecraft:andesite":11,"minecraft:leather":4,"minecraft:jungle_wood":7,"minecraft:tuff":2,"minecraft:oak_log":25,"minecraft:cobblestone_wall":1,"minecraft:dirt":203,"minecraft:blue_bed":6,"minecraft:purple_carpet":3,"minecraft:bone":4,"minecraft:stonecutter":1,"minecraft:wheat_seeds":14,"minecraft:stone_pickaxe":1,"minecraft:iron_ingot":29,"minecraft:moss_block":7,"minecraft:oak_planks":52,"minecraft:cooked_porkchop":1,"minecraft:sweet_berries":78,"minecraft:jungle_planks":1,"minecraft:blast_furnace":1,"minecraft:spruce_log":16,"minecraft:loom":1,"minecraft:mossy_cobblestone":15,"minecraft:oak_wood":10,"minecraft:stone_axe":1,"minecraft:granite":1,"minecraft:gray_wool":2,"minecraft:coal":278},"minecraft:killed_by":{"minecraft:creeper":2},"minecraft:broken":{"minecraft:stone_pickaxe":4,"minecraft:stone_axe":1,"minecraft:stone_shovel":1},"minecraft:used":{"minecraft:iron_shovel":37,"minecraft:stone_shovel":143,"minecraft:chest":2,"minecraft:spruce_planks":71,"minecraft:shield":11,"minecraft:rotten_flesh":3,"minecraft:torch":5,"minecraft:dirt":138,"minecraft:cobblestone_wall":1,"minecraft:sweet_berries":19,"minecraft:furnace":4,"minecraft:cooked_mutton":2,"minecraft:diorite":6,"minecraft:stone_pickaxe":550,"minecraft:wooden_pickaxe":27,"minecraft:blue_bed":6,"minecraft:white_wool":5,"minecraft:mossy_cobblestone":5,"minecraft:crafting_table":12,"minecraft:blast_furnace":1,"minecraft:bread":4,"minecraft:iron_pickaxe":144,"minecraft:stone_axe":226,"minecraft:cobblestone":218,"minecraft:cooked_porkchop":12,"minecraft:andesite":1,"minecraft:gray_wool":1}},"DataVersion":3465}