{"stats":{"minecraft:mined":{"minecraft:tuff":1,"minecraft:jungle_wood":3,"minecraft:mossy_cobblestone":4,"minecraft:iron_ore":16,"minecraft:andesite":5,"minecraft:peony":1,"minecraft:crafting_table":1,"minecraft:granite":1,"minecraft:grass":8,"minecraft:oak_log":18,"minecraft:oak_wood":8,"minecraft:coal_ore":31,"minecraft:dirt":1,"minecraft:cobblestone":1,"minecraft:tall_grass":16,"minecraft:stone":111,"minecraft:diorite":10,"minecraft:oak_leaves":3,"minecraft:wall_torch":2,"minecraft:fern":1},"minecraft:custom":{"minecraft:time_since_rest":2038,"minecraft:sprint_one_cm":39433,"minecraft:damage_taken":595,"minecraft:walk_one_cm":52493,"minecraft:mob_kills":7,"minecraft:drop":1,"minecraft:damage_dealt":810,"minecraft:interact_with_crafting_table":4,"minecraft:fly_one_cm":60085,"minecraft:crouch_one_cm":8172,"minecraft:play_time":29877,"minecraft:deaths":2,"minecraft:sneak_time":3110,"minecraft:jump":514,"minecraft:leave_game":3,"minecraft:time_since_death":2018,"minecraft:climb_one_cm":164,"minecraft:total_world_time":29877,"minecraft:fall_one_cm":12797},"minecraft:killed":{"minecraft:skeleton":1,"minecraft:zombie":1,"minecraft:pig":3,"minecraft:spider":1},"minecraft:crafted":{"minecraft:oak_planks":56,"minecraft:crafting_table":3,"minecraft:stick":12,"minecraft:wooden_pickaxe":1,"minecraft:stone_pickaxe":2,"minecraft:torch":4,"minecraft:stone_axe":1,"minecraft:jungle_planks":12},"minecraft:dropped":{"minecraft:raw_iron":13},"minecraft:picked_up":{"minecraft:crafting_table":2,"minecraft:stick":3,"minecraft:raw_iron":19,"minecraft:cooked_porkchop":1,"minecraft:andesite":10,"minecraft:jungle_wood":3,"minecraft:torch":4,"minecraft:wooden_pickaxe":1,"minecraft:porkchop":5,"minecraft:jungle_planks":1,"minecraft:tuff":2,"minecraft:oak_log":18,"minecraft:diorite":14,"minecraft:string":2,"minecraft:dirt":23,"minecraft:mossy_cobblestone":8,"minecraft:oak_wood":10,"minecraft:bone":4,"minecraft:rotten_flesh":3,"minecraft:stone_axe":1,"minecraft:peony":1,"minecraft:wheat_seeds":4,"minecraft:granite":1,"minecraft:stone_pickaxe":1,"minecraft:coal":61,"minecraft:oak_planks":52,"minecraft:cobblestone":177},"minecraft:killed_by":{"minecraft:creeper":2},"minecraft:used":{"minecraft:diorite":6,"minecraft:stone_pickaxe":177,"minecraft:wooden_pickaxe":19,"minecraft:stone_axe":43,"minecraft:torch":5,"minecraft:dirt":12,"minecraft:cobblestone":64,"minecraft:crafting_table":2,"minecraft:cooked_porkchop":1},"minecraft:broken":{"minecraft:stone_pickaxe":1}},"DataVersion":3465}