{"stats":{"minecraft:mined":{"minecraft:tuff":30,"minecraft:spruce_planks":237,"minecraft:mossy_cobblestone":12,"minecraft:dark_oak_leaves":6,"minecraft:deepslate_diamond_ore":32,"minecraft:oak_door":2,"minecraft:cobblestone_stairs":29,"minecraft:granite":1,"minecraft:grass_block":160,"minecraft:spruce_fence":1,"minecraft:spruce_leaves":62,"minecraft:cartography_table":1,"minecraft:moss_block":15,"minecraft:large_fern":1,"minecraft:magma_block":10,"minecraft:furnace":6,"minecraft:iron_ore":38,"minecraft:cobbled_deepslate":21,"minecraft:andesite":8,"minecraft:moss_carpet":2,"minecraft:deepslate_lapis_ore":7,"minecraft:peony":2,"minecraft:deepslate_iron_ore":59,"minecraft:purple_carpet":3,"minecraft:stone":1413,"minecraft:white_wool":4,"minecraft:orange_bed":1,"minecraft:deepslate_redstone_ore":2,"minecraft:glass_pane":1,"minecraft:lily_of_the_valley":1,"minecraft:clay":1,"minecraft:crafting_table":15,"minecraft:torch":5,"minecraft:blast_furnace":2,"minecraft:oak_wood":11,"minecraft:rose_bush":5,"minecraft:sculk_sensor":1,"minecraft:copper_ore":2,"minecraft:cobblestone":337,"minecraft:tall_grass":54,"minecraft:lapis_ore":2,"minecraft:deepslate_gold_ore":43,"minecraft:grindstone":1,"minecraft:sugar_cane":2,"minecraft:diorite":17,"minecraft:blue_bed":8,"minecraft:wall_torch":8,"minecraft:pink_petals":6,"minecraft:gray_wool":1,"minecraft:jungle_wood":7,"minecraft:cobblestone_wall":1,"minecraft:wheat":7,"minecraft:sweet_berry_bush":38,"minecraft:lilac":3,"minecraft:brown_wall_banner":12,"minecraft:white_carpet":3,"minecraft:spruce_log":44,"minecraft:bee_nest":1,"minecraft:mangrove_planks":5,"minecraft:mangrove_leaves":7,"minecraft:yellow_bed":2,"minecraft:grass":51,"minecraft:oak_log":47,"minecraft:coal_ore":261,"minecraft:loom":1,"minecraft:dirt":136,"minecraft:mangrove_log":16,"minecraft:stonecutter":2,"minecraft:deepslate":715,"minecraft:oak_leaves":15,"minecraft:fern":2},"minecraft:custom":{"minecraft:mob_kills":88,"minecraft:interact_with_crafting_table":55,"minecraft:leave_game":5,"minecraft:time_since_death":574,"minecraft:climb_one_cm":1316,"minecraft:sprint_one_cm":611191,"minecraft:walk_one_cm":693618,"minecraft:damage_blocked_by_shield":1089,"minecraft:drop":68,"minecraft:talked_to_villager":2,"minecraft:play_time":424474,"minecraft:deaths":5,"minecraft:sneak_time":33908,"minecraft:walk_under_water_one_cm":1556,"minecraft:jump":6027,"minecraft:interact_with_blast_furnace":8,"minecraft:walk_on_water_one_cm":6468,"minecraft:total_world_time":424474,"minecraft:interact_with_furnace":42,"minecraft:interact_with_cartography_table":1,"minecraft:interact_with_loom":1,"minecraft:interact_with_grindstone":2,"minecraft:interact_with_stonecutter":2,"minecraft:sleep_in_bed":16,"minecraft:time_since_rest":600,"minecraft:damage_taken":6045,"minecraft:damage_dealt":14492,"minecraft:swim_one_cm":18214,"minecraft:fly_one_cm":734024,"minecraft:open_chest":51,"minecraft:crouch_one_cm":124394,"minecraft:fall_one_cm":172139},"minecraft:killed":{"minecraft:witch":1,"minecraft:spider":7,"minecraft:skeleton":11,"minecraft:bee":1,"minecraft:pig":14,"minecraft:zombie_villager":4,"minecraft:iron_golem":1,"minecraft:creeper":1,"minecraft:sheep":9,"minecraft:trader_llama":2,"minecraft:goat":1,"minecraft:zombie":23,"minecraft:villager":2,"minecraft:cow":8},"minecraft:crafted":{"minecraft:oak_door":6,"minecraft:oak_planks":180,"minecraft:coal":18,"minecraft:stone_shovel":1,"minecraft:furnace":2,"minecraft:bone_meal":15,"minecraft:spruce_fence":12,"minecraft:cooked_mutton":22,"minecraft:iron_boots":1,"minecraft:iron_axe":1,"minecraft:stone_pickaxe":12,"minecraft:chest":10,"minecraft:stone_hoe":1,"minecraft:cooked_beef":6,"minecraft:coal_block":16,"minecraft:cooked_porkchop":24,"minecraft:crafting_table":7,"minecraft:spruce_planks":176,"minecraft:wooden_pickaxe":2,"minecraft:iron_helmet":1,"minecraft:iron_sword":1,"minecraft:mangrove_planks":52,"minecraft:stone_axe":4,"minecraft:air":0,"minecraft:jungle_planks":28,"minecraft:iron_chestplate":1,"minecraft:shield":1,"minecraft:stick":84,"minecraft:iron_ingot":74,"minecraft:iron_pickaxe":7,"minecraft:iron_shovel":1,"minecraft:iron_leggings":1,"minecraft:torch":80},"minecraft:dropped":{"minecraft:moss_block":5,"minecraft:wheat_seeds":2,"minecraft:diamond":32,"minecraft:crafting_table":1,"minecraft:cooked_porkchop":1,"minecraft:jungle_planks":1,"minecraft:coal":58,"minecraft:dirt":2,"minecraft:string":3,"minecraft:moss_carpet":1,"minecraft:sweet_berries":58,"minecraft:tuff":23,"minecraft:raw_iron":13,"minecraft:clay_ball":4,"minecraft:white_carpet":3,"minecraft:rotten_flesh":5,"minecraft:oak_planks":4,"minecraft:spruce_fence":1,"minecraft:poppy":4,"minecraft:potato":1,"minecraft:spruce_planks":7,"minecraft:glass":11,"minecraft:purple_carpet":3},"minecraft:picked_up":{"minecraft:iron_chestplate":3,"minecraft:crafting_table":18,"minecraft:wheat":6,"minecraft:clay_ball":4,"minecraft:wooden_pickaxe":1,"minecraft:shield":3,"minecraft:string":6,"minecraft:raw_copper":6,"minecraft:moss_carpet":2,"minecraft:iron_leggings":3,"minecraft:white_carpet":3,"minecraft:iron_shovel":3,"minecraft:cartography_table":1,"minecraft:cobbled_deepslate":1046,"minecraft:spruce_planks":275,"minecraft:beef":16,"minecraft:iron_nugget":28,"minecraft:jungle_sapling":3,"minecraft:rose_bush":5,"minecraft:poppy":4,"minecraft:iron_pickaxe":2,"minecraft:sugar_cane":2,"minecraft:mangrove_log":13,"minecraft:egg":2,"minecraft:iron_boots":3,"minecraft:furnace":8,"minecraft:dark_oak_sapling":3,"minecraft:stick":26,"minecraft:raw_iron":253,"minecraft:oak_door":2,"minecraft:torch":15,"minecraft:spruce_fence":1,"minecraft:porkchop":26,"minecraft:diorite":17,"minecraft:redstone":10,"minecraft:orange_bed":1,"minecraft:arrow":29,"minecraft:rotten_flesh":44,"minecraft:peony":2,"minecraft:mutton":16,"minecraft:white_wool":12,"minecraft:cobblestone":2057,"minecraft:pink_petals":34,"minecraft:lilac":2,"minecraft:cooked_beef":10,"minecraft:andesite":13,"minecraft:leather":15,"minecraft:jungle_wood":7,"minecraft:potato":1,"minecraft:tuff":29,"minecraft:oak_log":47,"minecraft:lapis_lazuli":162,"minecraft:yellow_bed":2,"minecraft:cobblestone_wall":1,"minecraft:cobblestone_stairs":29,"minecraft:blue_bed":8,"minecraft:dirt":361,"minecraft:cooked_mutton":9,"minecraft:purple_carpet":3,"minecraft:glass":11,"minecraft:bone":34,"minecraft:grindstone":3,"minecraft:stonecutter":2,"minecraft:wheat_seeds":39,"minecraft:raw_gold":129,"minecraft:stone_pickaxe":3,"minecraft:iron_ingot":65,"minecraft:glass_bottle":6,"minecraft:mangrove_planks":81,"minecraft:moss_block":14,"minecraft:oak_planks":52,"minecraft:iron_sword":3,"minecraft:cooked_porkchop":2,"minecraft:sweet_berries":136,"minecraft:jungle_planks":1,"minecraft:spruce_sapling":2,"minecraft:blast_furnace":2,"minecraft:loom":1,"minecraft:spruce_log":44,"minecraft:lily_of_the_valley":1,"minecraft:mossy_cobblestone":18,"minecraft:oak_wood":13,"minecraft:diamond":64,"minecraft:stone_axe":1,"minecraft:iron_helmet":3,"minecraft:granite":1,"minecraft:gray_wool":2,"minecraft:bread":5,"minecraft:brown_banner":17,"minecraft:oak_sapling":3,"minecraft:coal":359},"minecraft:killed_by":{"minecraft:player":2,"minecraft:creeper":2},"minecraft:broken":{"minecraft:stone_pickaxe":10,"minecraft:iron_axe":1,"minecraft:stone_axe":3,"minecraft:iron_pickaxe":7,"minecraft:stone_shovel":1},"minecraft:used":{"minecraft:peony":1,"minecraft:moss_carpet":1,"minecraft:rose_bush":4,"minecraft:iron_shovel":136,"minecraft:stone_shovel":143,"minecraft:spruce_planks":376,"minecraft:chest":10,"minecraft:shield":28,"minecraft:iron_sword":175,"minecraft:stone_hoe":26,"minecraft:rotten_flesh":3,"minecraft:orange_bed":1,"minecraft:oak_door":6,"minecraft:torch":84,"minecraft:dirt":292,"minecraft:lily_of_the_valley":1,"minecraft:cobblestone_wall":1,"minecraft:oak_wood":1,"minecraft:tuff":2,"minecraft:spruce_fence":10,"minecraft:iron_axe":239,"minecraft:sweet_berries":19,"minecraft:furnace":7,"minecraft:cooked_beef":16,"minecraft:cobbled_deepslate":354,"minecraft:wheat_seeds":19,"minecraft:cooked_mutton":22,"minecraft:water_bucket":3,"minecraft:diorite":6,"minecraft:cobblestone_stairs":45,"minecraft:stone_pickaxe":1346,"minecraft:mangrove_planks":5,"minecraft:wooden_pickaxe":27,"minecraft:stonecutter":1,"minecraft:blue_bed":8,"minecraft:white_wool":8,"minecraft:mossy_cobblestone":6,"minecraft:brown_banner":13,"minecraft:crafting_table":19,"minecraft:blast_furnace":2,"minecraft:bread":4,"minecraft:iron_pickaxe":1753,"minecraft:spruce_sapling":2,"minecraft:lilac":1,"minecraft:stone_axe":369,"minecraft:cobblestone":1345,"minecraft:cooked_porkchop":25,"minecraft:bucket":3,"minecraft:andesite":1,"minecraft:yellow_bed":2,"minecraft:gray_wool":1,"minecraft:bone_meal":15}},"DataVersion":3465}