{"stats":{"minecraft:mined":{"minecraft:tuff":1,"minecraft:spruce_planks":170,"minecraft:mossy_cobblestone":11,"minecraft:granite":1,"minecraft:grass_block":157,"minecraft:spruce_fence":1,"minecraft:spruce_leaves":62,"minecraft:moss_block":10,"minecraft:cartography_table":1,"minecraft:furnace":3,"minecraft:iron_ore":24,"minecraft:andesite":6,"minecraft:peony":1,"minecraft:purple_carpet":3,"minecraft:stone":743,"minecraft:white_wool":4,"minecraft:crafting_table":9,"minecraft:blast_furnace":1,"minecraft:oak_wood":8,"minecraft:tall_grass":32,"minecraft:cobblestone":109,"minecraft:diorite":12,"minecraft:wall_torch":2,"minecraft:blue_bed":6,"minecraft:pink_petals":6,"minecraft:gray_wool":1,"minecraft:jungle_wood":7,"minecraft:cobblestone_wall":1,"minecraft:sweet_berry_bush":38,"minecraft:white_carpet":3,"minecraft:spruce_log":44,"minecraft:grass":44,"minecraft:oak_log":25,"minecraft:coal_ore":241,"minecraft:loom":1,"minecraft:dirt":21,"minecraft:stonecutter":1,"minecraft:oak_leaves":5,"minecraft:fern":2},"minecraft:custom":{"minecraft:mob_kills":43,"minecraft:interact_with_crafting_table":30,"minecraft:leave_game":3,"minecraft:time_since_death":35345,"minecraft:climb_one_cm":834,"minecraft:sprint_one_cm":210525,"minecraft:walk_one_cm":287193,"minecraft:damage_blocked_by_shield":500,"minecraft:drop":14,"minecraft:talked_to_villager":1,"minecraft:play_time":149874,"minecraft:deaths":3,"minecraft:sneak_time":13324,"minecraft:jump":2363,"minecraft:interact_with_blast_furnace":6,"minecraft:total_world_time":149874,"minecraft:interact_with_furnace":11,"minecraft:interact_with_cartography_table":1,"minecraft:interact_with_loom":1,"minecraft:interact_with_stonecutter":1,"minecraft:sleep_in_bed":7,"minecraft:time_since_rest":16830,"minecraft:damage_taken":2532,"minecraft:damage_dealt":6465,"minecraft:fly_one_cm":287266,"minecraft:open_chest":24,"minecraft:crouch_one_cm":46619,"minecraft:fall_one_cm":67932},"minecraft:killed":{"minecraft:spider":2,"minecraft:skeleton":1,"minecraft:pig":13,"minecraft:zombie_villager":4,"minecraft:iron_golem":1,"minecraft:creeper":1,"minecraft:sheep":6,"minecraft:goat":1,"minecraft:zombie":7,"minecraft:cow":5},"minecraft:crafted":{"minecraft:oak_planks":84,"minecraft:coal":18,"minecraft:stone_shovel":1,"minecraft:furnace":1,"minecraft:cooked_mutton":11,"minecraft:iron_boots":1,"minecraft:iron_axe":1,"minecraft:stone_pickaxe":7,"minecraft:chest":2,"minecraft:coal_block":16,"minecraft:cooked_porkchop":11,"minecraft:crafting_table":5,"minecraft:spruce_planks":176,"minecraft:wooden_pickaxe":2,"minecraft:iron_helmet":1,"minecraft:iron_sword":1,"minecraft:stone_axe":4,"minecraft:air":0,"minecraft:jungle_planks":28,"minecraft:iron_chestplate":1,"minecraft:shield":1,"minecraft:stick":36,"minecraft:iron_ingot":68,"minecraft:iron_pickaxe":2,"minecraft:iron_shovel":1,"minecraft:iron_leggings":1,"minecraft:torch":12},"minecraft:dropped":{"minecraft:wheat_seeds":2,"minecraft:crafting_table":1,"minecraft:jungle_planks":1,"minecraft:dirt":2,"minecraft:raw_iron":13,"minecraft:white_carpet":3,"minecraft:rotten_flesh":5,"minecraft:spruce_fence":1,"minecraft:poppy":4,"minecraft:spruce_planks":1,"minecraft:purple_carpet":3},"minecraft:picked_up":{"minecraft:iron_chestplate":1,"minecraft:crafting_table":10,"minecraft:wooden_pickaxe":1,"minecraft:shield":1,"minecraft:string":2,"minecraft:iron_leggings":1,"minecraft:white_carpet":3,"minecraft:iron_shovel":1,"minecraft:cartography_table":1,"minecraft:spruce_planks":214,"minecraft:beef":10,"minecraft:iron_pickaxe":2,"minecraft:poppy":4,"minecraft:iron_boots":1,"minecraft:furnace":3,"minecraft:stick":12,"minecraft:raw_iron":93,"minecraft:torch":4,"minecraft:spruce_fence":1,"minecraft:porkchop":23,"minecraft:diorite":16,"minecraft:rotten_flesh":15,"minecraft:peony":1,"minecraft:mutton":11,"minecraft:white_wool":9,"minecraft:cobblestone":993,"minecraft:pink_petals":34,"minecraft:andesite":11,"minecraft:leather":8,"minecraft:jungle_wood":7,"minecraft:tuff":2,"minecraft:oak_log":25,"minecraft:cobblestone_wall":1,"minecraft:dirt":250,"minecraft:blue_bed":6,"minecraft:cooked_mutton":9,"minecraft:purple_carpet":3,"minecraft:bone":4,"minecraft:stonecutter":1,"minecraft:wheat_seeds":15,"minecraft:stone_pickaxe":1,"minecraft:iron_ingot":29,"minecraft:moss_block":9,"minecraft:iron_sword":1,"minecraft:oak_planks":52,"minecraft:cooked_porkchop":1,"minecraft:sweet_berries":136,"minecraft:jungle_planks":1,"minecraft:spruce_sapling":2,"minecraft:blast_furnace":1,"minecraft:spruce_log":44,"minecraft:loom":1,"minecraft:mossy_cobblestone":17,"minecraft:oak_wood":10,"minecraft:stone_axe":1,"minecraft:iron_helmet":1,"minecraft:granite":1,"minecraft:gray_wool":2,"minecraft:bread":5,"minecraft:coal":278},"minecraft:killed_by":{"minecraft:creeper":2},"minecraft:broken":{"minecraft:stone_pickaxe":4,"minecraft:stone_axe":2,"minecraft:iron_pickaxe":2,"minecraft:stone_shovel":1},"minecraft:used":{"minecraft:iron_shovel":37,"minecraft:stone_shovel":143,"minecraft:chest":2,"minecraft:spruce_planks":301,"minecraft:shield":13,"minecraft:rotten_flesh":3,"minecraft:torch":13,"minecraft:dirt":147,"minecraft:cobblestone_wall":1,"minecraft:iron_axe":161,"minecraft:sweet_berries":19,"minecraft:furnace":4,"minecraft:cooked_mutton":7,"minecraft:diorite":6,"minecraft:stone_pickaxe":677,"minecraft:wooden_pickaxe":27,"minecraft:blue_bed":6,"minecraft:white_wool":5,"minecraft:mossy_cobblestone":5,"minecraft:crafting_table":12,"minecraft:blast_furnace":1,"minecraft:bread":4,"minecraft:iron_pickaxe":501,"minecraft:stone_axe":289,"minecraft:cobblestone":672,"minecraft:cooked_porkchop":12,"minecraft:andesite":1,"minecraft:gray_wool":1}},"DataVersion":3465}