{"stats":{"minecraft:mined":{"minecraft:spruce_planks":237,"minecraft:white_bed":5,"minecraft:cobblestone_stairs":29,"minecraft:cave_vines_plant":1,"minecraft:granite":1,"minecraft:grass_block":165,"minecraft:white_concrete":84,"minecraft:deepslate_bricks":133,"minecraft:tall_seagrass":1,"minecraft:magma_block":10,"minecraft:iron_ore":38,"minecraft:cobbled_deepslate":89,"minecraft:moss_carpet":2,"minecraft:deepslate_lapis_ore":7,"minecraft:cave_vines":1,"minecraft:flowering_azalea_leaves":6,"minecraft:purple_carpet":3,"minecraft:deepslate_brick_stairs":63,"minecraft:azalea_leaves":7,"minecraft:azalea":1,"minecraft:orange_bed":1,"minecraft:deepslate_redstone_ore":2,"minecraft:clay":1,"minecraft:torch":6,"minecraft:blast_furnace":2,"minecraft:poppy":4,"minecraft:cobblestone":345,"minecraft:grindstone":1,"minecraft:sugar_cane":2,"minecraft:wall_torch":9,"minecraft:pink_petals":6,"minecraft:jungle_wood":7,"minecraft:wheat":27,"minecraft:lilac":3,"minecraft:brown_wall_banner":14,"minecraft:grass":100,"minecraft:oak_log":78,"minecraft:loom":1,"minecraft:sand":8,"minecraft:dirt":221,"minecraft:mangrove_log":16,"minecraft:stonecutter":2,"minecraft:oak_leaves":128,"minecraft:deepslate":904,"minecraft:tuff":30,"minecraft:mossy_cobblestone":12,"minecraft:dark_oak_leaves":6,"minecraft:deepslate_diamond_ore":32,"minecraft:oak_door":2,"minecraft:glow_lichen":1,"minecraft:spruce_fence":1,"minecraft:spruce_leaves":65,"minecraft:cartography_table":1,"minecraft:moss_block":24,"minecraft:sandstone":4,"minecraft:rooted_dirt":2,"minecraft:white_concrete_powder":8,"minecraft:large_fern":7,"minecraft:packed_mud":7,"minecraft:furnace":6,"minecraft:andesite":8,"minecraft:peony":2,"minecraft:deepslate_iron_ore":59,"minecraft:stone":1495,"minecraft:white_wool":4,"minecraft:glass_pane":1,"minecraft:lily_of_the_valley":1,"minecraft:dandelion":2,"minecraft:crafting_table":15,"minecraft:oak_wood":19,"minecraft:rose_bush":5,"minecraft:sculk_sensor":1,"minecraft:tall_grass":74,"minecraft:copper_ore":2,"minecraft:deepslate_gold_ore":43,"minecraft:lapis_ore":2,"minecraft:diorite":17,"minecraft:blue_bed":8,"minecraft:gray_wool":1,"minecraft:coarse_dirt":255,"minecraft:cobblestone_wall":1,"minecraft:sweet_berry_bush":38,"minecraft:white_carpet":3,"minecraft:spruce_log":47,"minecraft:mangrove_planks":5,"minecraft:yellow_bed":2,"minecraft:mangrove_leaves":7,"minecraft:bee_nest":1,"minecraft:coal_ore":263,"minecraft:gravel":107,"minecraft:small_dripleaf":2,"minecraft:gold_ore":10,"minecraft:fern":15},"minecraft:custom":{"minecraft:interact_with_crafting_table":89,"minecraft:leave_game":8,"minecraft:time_since_death":6318,"minecraft:sprint_one_cm":832802,"minecraft:damage_blocked_by_shield":2099,"minecraft:drop":73,"minecraft:talked_to_villager":2,"minecraft:play_time":551879,"minecraft:deaths":6,"minecraft:jump":7998,"minecraft:walk_on_water_one_cm":7953,"minecraft:interact_with_furnace":49,"minecraft:interact_with_cartography_table":1,"minecraft:interact_with_loom":1,"minecraft:sleep_in_bed":27,"minecraft:damage_dealt":17887,"minecraft:crouch_one_cm":162859,"minecraft:mob_kills":110,"minecraft:climb_one_cm":2685,"minecraft:walk_one_cm":959725,"minecraft:sneak_time":45204,"minecraft:walk_under_water_one_cm":2045,"minecraft:interact_with_blast_furnace":8,"minecraft:total_world_time":551879,"minecraft:interact_with_grindstone":2,"minecraft:interact_with_stonecutter":9,"minecraft:time_since_rest":1031,"minecraft:damage_taken":7306,"minecraft:swim_one_cm":24141,"minecraft:fly_one_cm":988714,"minecraft:open_chest":99,"minecraft:fall_one_cm":220253},"minecraft:killed":{"minecraft:witch":1,"minecraft:spider":9,"minecraft:skeleton":20,"minecraft:bee":1,"minecraft:pig":14,"minecraft:zombie_villager":4,"minecraft:iron_golem":1,"minecraft:creeper":1,"minecraft:sheep":12,"minecraft:trader_llama":2,"minecraft:goat":1,"minecraft:zombie":30,"minecraft:cow":8,"minecraft:villager":2},"minecraft:crafted":{"minecraft:oak_planks":288,"minecraft:cooked_mutton":22,"minecraft:iron_boots":1,"minecraft:chest":14,"minecraft:stone_hoe":1,"minecraft:cooked_porkchop":24,"minecraft:crafting_table":7,"minecraft:spruce_planks":184,"minecraft:wooden_pickaxe":2,"minecraft:iron_helmet":1,"minecraft:iron_chestplate":1,"minecraft:shield":1,"minecraft:stick":84,"minecraft:iron_ingot":110,"minecraft:iron_pickaxe":10,"minecraft:oak_door":6,"minecraft:coal":18,"minecraft:stone_shovel":1,"minecraft:furnace":2,"minecraft:bone_meal":57,"minecraft:spruce_fence":12,"minecraft:white_concrete_powder":200,"minecraft:iron_axe":2,"minecraft:stone_pickaxe":12,"minecraft:cooked_beef":6,"minecraft:coal_block":16,"minecraft:iron_sword":1,"minecraft:mangrove_planks":52,"minecraft:bucket":1,"minecraft:stone_axe":4,"minecraft:bread":6,"minecraft:air":0,"minecraft:jungle_planks":28,"minecraft:white_dye":42,"minecraft:iron_shovel":4,"minecraft:iron_leggings":1,"minecraft:white_bed":1,"minecraft:torch":128},"minecraft:dropped":{"minecraft:moss_block":5,"minecraft:diamond":32,"minecraft:crafting_table":1,"minecraft:cooked_porkchop":1,"minecraft:jungle_planks":1,"minecraft:dirt":2,"minecraft:packed_mud":6,"minecraft:sand":3,"minecraft:rotten_flesh":5,"minecraft:oak_planks":4,"minecraft:poppy":4,"minecraft:glass":11,"minecraft:purple_carpet":3,"minecraft:egg":1,"minecraft:wheat_seeds":2,"minecraft:coal":60,"minecraft:string":3,"minecraft:moss_carpet":1,"minecraft:sweet_berries":58,"minecraft:tuff":23,"minecraft:raw_iron":13,"minecraft:white_carpet":3,"minecraft:clay_ball":4,"minecraft:spruce_fence":1,"minecraft:potato":1,"minecraft:spruce_planks":7,"minecraft:sandstone":2},"minecraft:picked_up":{"minecraft:iron_chestplate":4,"minecraft:wheat":25,"minecraft:string":6,"minecraft:raw_copper":6,"minecraft:iron_leggings":4,"minecraft:cobbled_deepslate":1303,"minecraft:spruce_planks":275,"minecraft:rose_bush":5,"minecraft:iron_pickaxe":3,"minecraft:mangrove_log":13,"minecraft:iron_boots":4,"minecraft:furnace":8,"minecraft:stick":40,"minecraft:torch":42,"minecraft:porkchop":26,"minecraft:diorite":17,"minecraft:orange_bed":1,"minecraft:rotten_flesh":58,"minecraft:deepslate_brick_stairs":95,"minecraft:cobblestone":2166,"minecraft:pink_petals":34,"minecraft:cooked_beef":10,"minecraft:lilac":2,"minecraft:water_bucket":1,"minecraft:andesite":13,"minecraft:jungle_wood":7,"minecraft:potato":1,"minecraft:flint":10,"minecraft:tuff":29,"minecraft:lapis_lazuli":215,"minecraft:dirt":448,"minecraft:bone":45,"minecraft:purple_carpet":3,"minecraft:glass":11,"minecraft:stonecutter":2,"minecraft:bow":1,"minecraft:wheat_seeds":98,"minecraft:raw_gold":139,"minecraft:grindstone":3,"minecraft:moss_block":22,"minecraft:oak_planks":52,"minecraft:stone_hoe":1,"minecraft:cooked_porkchop":2,"minecraft:jungle_planks":1,"minecraft:sand":38,"minecraft:loom":1,"minecraft:lily_of_the_valley":1,"minecraft:mossy_cobblestone":18,"minecraft:diamond":96,"minecraft:granite":1,"minecraft:white_concrete":85,"minecraft:bread":17,"minecraft:rooted_dirt":2,"minecraft:oak_sapling":14,"minecraft:coarse_dirt":255,"minecraft:crafting_table":18,"minecraft:clay_ball":4,"minecraft:wooden_pickaxe":1,"minecraft:shield":4,"minecraft:moss_carpet":2,"minecraft:iron_axe":1,"minecraft:white_carpet":3,"minecraft:iron_shovel":7,"minecraft:cartography_table":1,"minecraft:beef":16,"minecraft:jungle_sapling":3,"minecraft:iron_nugget":42,"minecraft:poppy":8,"minecraft:sugar_cane":2,"minecraft:egg":2,"minecraft:dark_oak_sapling":3,"minecraft:raw_iron":253,"minecraft:sandstone":6,"minecraft:oak_door":2,"minecraft:spruce_fence":1,"minecraft:white_dye":17,"minecraft:redstone":10,"minecraft:arrow":44,"minecraft:peony":2,"minecraft:deepslate_bricks":177,"minecraft:glow_berries":1,"minecraft:mutton":16,"minecraft:white_wool":15,"minecraft:leather":15,"minecraft:packed_mud":7,"minecraft:oak_log":78,"minecraft:yellow_bed":2,"minecraft:cobblestone_wall":1,"minecraft:cobblestone_stairs":29,"minecraft:blue_bed":8,"minecraft:cooked_mutton":9,"minecraft:apple":3,"minecraft:iron_ingot":92,"minecraft:stone_pickaxe":4,"minecraft:glass_bottle":6,"minecraft:mangrove_planks":81,"minecraft:iron_sword":4,"minecraft:sweet_berries":136,"minecraft:dandelion":2,"minecraft:gravel":100,"minecraft:spruce_sapling":2,"minecraft:blast_furnace":2,"minecraft:white_bed":5,"minecraft:spruce_log":47,"minecraft:oak_wood":21,"minecraft:white_concrete_powder":144,"minecraft:stone_axe":1,"minecraft:iron_helmet":4,"minecraft:gray_wool":2,"minecraft:brown_banner":19,"minecraft:coal":361},"minecraft:killed_by":{"minecraft:creeper":2,"minecraft:player":2},"minecraft:broken":{"minecraft:stone_pickaxe":10,"minecraft:stone_axe":3,"minecraft:stone_shovel":1,"minecraft:iron_axe":1,"minecraft:iron_pickaxe":8},"minecraft:used":{"minecraft:peony":1,"minecraft:moss_block":5,"minecraft:moss_carpet":1,"minecraft:iron_shovel":630,"minecraft:white_concrete_powder":135,"minecraft:chest":14,"minecraft:shield":52,"minecraft:iron_sword":210,"minecraft:rotten_flesh":16,"minecraft:lily_of_the_valley":1,"minecraft:tuff":2,"minecraft:sweet_berries":19,"minecraft:furnace":8,"minecraft:diorite":6,"minecraft:stone_pickaxe":1435,"minecraft:mangrove_planks":5,"minecraft:wooden_pickaxe":27,"minecraft:sandstone":2,"minecraft:blue_bed":8,"minecraft:white_wool":8,"minecraft:glow_berries":1,"minecraft:sand":3,"minecraft:blast_furnace":2,"minecraft:deepslate_brick_stairs":95,"minecraft:bread":22,"minecraft:lilac":1,"minecraft:andesite":1,"minecraft:white_concrete":83,"minecraft:coarse_dirt":252,"minecraft:bone_meal":15,"minecraft:rose_bush":4,"minecraft:stone_shovel":143,"minecraft:spruce_planks":376,"minecraft:stone_hoe":26,"minecraft:oak_door":6,"minecraft:orange_bed":1,"minecraft:torch":111,"minecraft:dirt":377,"minecraft:cobblestone_wall":1,"minecraft:oak_wood":3,"minecraft:spruce_fence":10,"minecraft:iron_axe":413,"minecraft:cooked_beef":16,"minecraft:cobbled_deepslate":416,"minecraft:wheat_seeds":19,"minecraft:cooked_mutton":22,"minecraft:water_bucket":14,"minecraft:cobblestone_stairs":45,"minecraft:stonecutter":2,"minecraft:deepslate_bricks":342,"minecraft:mossy_cobblestone":6,"minecraft:crafting_table":20,"minecraft:brown_banner":15,"minecraft:white_bed":6,"minecraft:apple":3,"minecraft:iron_pickaxe":2344,"minecraft:spruce_sapling":2,"minecraft:stone_axe":369,"minecraft:cobblestone":1492,"minecraft:cooked_porkchop":25,"minecraft:bucket":15,"minecraft:yellow_bed":2,"minecraft:gray_wool":1}},"DataVersion":3465}