{"stats":{"minecraft:mined":{"minecraft:tuff":30,"minecraft:spruce_planks":237,"minecraft:mossy_cobblestone":12,"minecraft:dark_oak_leaves":6,"minecraft:deepslate_diamond_ore":22,"minecraft:oak_door":2,"minecraft:cobblestone_stairs":29,"minecraft:granite":1,"minecraft:grass_block":160,"minecraft:spruce_fence":1,"minecraft:spruce_leaves":62,"minecraft:cartography_table":1,"minecraft:moss_block":15,"minecraft:magma_block":10,"minecraft:furnace":6,"minecraft:iron_ore":37,"minecraft:cobbled_deepslate":10,"minecraft:andesite":8,"minecraft:moss_carpet":2,"minecraft:deepslate_lapis_ore":7,"minecraft:peony":2,"minecraft:deepslate_iron_ore":51,"minecraft:purple_carpet":3,"minecraft:stone":1245,"minecraft:white_wool":4,"minecraft:deepslate_redstone_ore":2,"minecraft:lily_of_the_valley":1,"minecraft:clay":1,"minecraft:crafting_table":14,"minecraft:torch":4,"minecraft:blast_furnace":2,"minecraft:oak_wood":11,"minecraft:rose_bush":5,"minecraft:sculk_sensor":1,"minecraft:cobblestone":337,"minecraft:tall_grass":39,"minecraft:deepslate_gold_ore":34,"minecraft:sugar_cane":2,"minecraft:diorite":17,"minecraft:blue_bed":8,"minecraft:wall_torch":8,"minecraft:pink_petals":6,"minecraft:gray_wool":1,"minecraft:jungle_wood":7,"minecraft:cobblestone_wall":1,"minecraft:wheat":7,"minecraft:sweet_berry_bush":38,"minecraft:lilac":2,"minecraft:white_carpet":3,"minecraft:spruce_log":44,"minecraft:mangrove_planks":5,"minecraft:mangrove_leaves":7,"minecraft:yellow_bed":2,"minecraft:grass":49,"minecraft:oak_log":47,"minecraft:coal_ore":261,"minecraft:loom":1,"minecraft:dirt":136,"minecraft:mangrove_log":16,"minecraft:stonecutter":2,"minecraft:deepslate":654,"minecraft:oak_leaves":15,"minecraft:fern":2},"minecraft:custom":{"minecraft:mob_kills":80,"minecraft:interact_with_crafting_table":54,"minecraft:leave_game":5,"minecraft:time_since_death":249945,"minecraft:climb_one_cm":1091,"minecraft:sprint_one_cm":458021,"minecraft:walk_one_cm":618444,"minecraft:damage_blocked_by_shield":930,"minecraft:drop":36,"minecraft:talked_to_villager":1,"minecraft:play_time":364474,"minecraft:deaths":3,"minecraft:sneak_time":32685,"minecraft:walk_under_water_one_cm":249,"minecraft:jump":4595,"minecraft:interact_with_blast_furnace":8,"minecraft:walk_on_water_one_cm":820,"minecraft:total_world_time":364474,"minecraft:interact_with_furnace":42,"minecraft:interact_with_cartography_table":1,"minecraft:interact_with_loom":1,"minecraft:interact_with_stonecutter":2,"minecraft:sleep_in_bed":15,"minecraft:time_since_rest":61606,"minecraft:damage_taken":4777,"minecraft:damage_dealt":12674,"minecraft:swim_one_cm":7498,"minecraft:fly_one_cm":550063,"minecraft:open_chest":47,"minecraft:crouch_one_cm":120921,"minecraft:fall_one_cm":132654},"minecraft:killed":{"minecraft:witch":1,"minecraft:spider":6,"minecraft:skeleton":8,"minecraft:bee":1,"minecraft:pig":14,"minecraft:zombie_villager":4,"minecraft:iron_golem":1,"minecraft:creeper":1,"minecraft:sheep":9,"minecraft:trader_llama":2,"minecraft:goat":1,"minecraft:zombie":21,"minecraft:cow":8},"minecraft:crafted":{"minecraft:oak_door":6,"minecraft:oak_planks":180,"minecraft:coal":18,"minecraft:stone_shovel":1,"minecraft:furnace":2,"minecraft:bone_meal":15,"minecraft:spruce_fence":12,"minecraft:cooked_mutton":22,"minecraft:iron_boots":1,"minecraft:iron_axe":1,"minecraft:stone_pickaxe":11,"minecraft:chest":10,"minecraft:stone_hoe":1,"minecraft:cooked_beef":6,"minecraft:coal_block":16,"minecraft:cooked_porkchop":24,"minecraft:crafting_table":7,"minecraft:spruce_planks":176,"minecraft:wooden_pickaxe":2,"minecraft:iron_helmet":1,"minecraft:iron_sword":1,"minecraft:mangrove_planks":52,"minecraft:stone_axe":4,"minecraft:air":0,"minecraft:jungle_planks":28,"minecraft:iron_chestplate":1,"minecraft:shield":1,"minecraft:stick":84,"minecraft:iron_ingot":74,"minecraft:iron_pickaxe":7,"minecraft:iron_shovel":1,"minecraft:iron_leggings":1,"minecraft:torch":80},"minecraft:dropped":{"minecraft:moss_block":5,"minecraft:wheat_seeds":2,"minecraft:crafting_table":1,"minecraft:cooked_porkchop":1,"minecraft:jungle_planks":1,"minecraft:coal":58,"minecraft:dirt":2,"minecraft:string":3,"minecraft:moss_carpet":1,"minecraft:sweet_berries":58,"minecraft:tuff":23,"minecraft:raw_iron":13,"minecraft:clay_ball":4,"minecraft:white_carpet":3,"minecraft:rotten_flesh":5,"minecraft:oak_planks":4,"minecraft:spruce_fence":1,"minecraft:poppy":4,"minecraft:potato":1,"minecraft:spruce_planks":7,"minecraft:glass":11,"minecraft:purple_carpet":3},"minecraft:picked_up":{"minecraft:iron_chestplate":1,"minecraft:crafting_table":15,"minecraft:wheat":6,"minecraft:clay_ball":4,"minecraft:wooden_pickaxe":1,"minecraft:shield":1,"minecraft:string":5,"minecraft:moss_carpet":2,"minecraft:iron_leggings":1,"minecraft:white_carpet":3,"minecraft:iron_shovel":1,"minecraft:cartography_table":1,"minecraft:cobbled_deepslate":556,"minecraft:spruce_planks":275,"minecraft:beef":16,"minecraft:rose_bush":5,"minecraft:poppy":4,"minecraft:iron_pickaxe":2,"minecraft:sugar_cane":2,"minecraft:mangrove_log":13,"minecraft:iron_boots":1,"minecraft:furnace":6,"minecraft:dark_oak_sapling":3,"minecraft:stick":14,"minecraft:raw_iron":176,"minecraft:oak_door":2,"minecraft:torch":14,"minecraft:spruce_fence":1,"minecraft:porkchop":26,"minecraft:diorite":17,"minecraft:redstone":10,"minecraft:arrow":6,"minecraft:rotten_flesh":27,"minecraft:peony":2,"minecraft:mutton":16,"minecraft:white_wool":12,"minecraft:cobblestone":1621,"minecraft:pink_petals":34,"minecraft:lilac":2,"minecraft:cooked_beef":10,"minecraft:andesite":13,"minecraft:leather":15,"minecraft:jungle_wood":7,"minecraft:potato":1,"minecraft:tuff":29,"minecraft:oak_log":47,"minecraft:lapis_lazuli":42,"minecraft:yellow_bed":2,"minecraft:cobblestone_wall":1,"minecraft:cobblestone_stairs":29,"minecraft:blue_bed":8,"minecraft:dirt":361,"minecraft:cooked_mutton":9,"minecraft:purple_carpet":3,"minecraft:glass":11,"minecraft:bone":11,"minecraft:stonecutter":2,"minecraft:wheat_seeds":34,"minecraft:raw_gold":34,"minecraft:stone_pickaxe":1,"minecraft:iron_ingot":50,"minecraft:glass_bottle":2,"minecraft:mangrove_planks":5,"minecraft:moss_block":14,"minecraft:oak_planks":52,"minecraft:iron_sword":1,"minecraft:cooked_porkchop":2,"minecraft:sweet_berries":136,"minecraft:jungle_planks":1,"minecraft:spruce_sapling":2,"minecraft:blast_furnace":2,"minecraft:loom":1,"minecraft:spruce_log":44,"minecraft:lily_of_the_valley":1,"minecraft:mossy_cobblestone":18,"minecraft:oak_wood":13,"minecraft:diamond":22,"minecraft:stone_axe":1,"minecraft:iron_helmet":1,"minecraft:granite":1,"minecraft:gray_wool":2,"minecraft:bread":5,"minecraft:oak_sapling":3,"minecraft:coal":357},"minecraft:killed_by":{"minecraft:creeper":2},"minecraft:broken":{"minecraft:stone_pickaxe":10,"minecraft:iron_axe":1,"minecraft:stone_axe":2,"minecraft:iron_pickaxe":5,"minecraft:stone_shovel":1},"minecraft:used":{"minecraft:peony":1,"minecraft:moss_carpet":1,"minecraft:rose_bush":4,"minecraft:iron_shovel":136,"minecraft:stone_shovel":143,"minecraft:spruce_planks":376,"minecraft:chest":10,"minecraft:shield":23,"minecraft:iron_sword":116,"minecraft:stone_hoe":26,"minecraft:rotten_flesh":3,"minecraft:oak_door":6,"minecraft:torch":82,"minecraft:dirt":292,"minecraft:lily_of_the_valley":1,"minecraft:cobblestone_wall":1,"minecraft:oak_wood":1,"minecraft:tuff":2,"minecraft:spruce_fence":10,"minecraft:iron_axe":239,"minecraft:sweet_berries":19,"minecraft:furnace":7,"minecraft:cooked_beef":4,"minecraft:cobbled_deepslate":209,"minecraft:wheat_seeds":19,"minecraft:cooked_mutton":22,"minecraft:water_bucket":3,"minecraft:diorite":6,"minecraft:cobblestone_stairs":45,"minecraft:stone_pickaxe":1329,"minecraft:mangrove_planks":5,"minecraft:wooden_pickaxe":27,"minecraft:stonecutter":1,"minecraft:blue_bed":8,"minecraft:white_wool":8,"minecraft:mossy_cobblestone":6,"minecraft:crafting_table":18,"minecraft:blast_furnace":2,"minecraft:bread":4,"minecraft:iron_pickaxe":1496,"minecraft:spruce_sapling":2,"minecraft:lilac":1,"minecraft:stone_axe":359,"minecraft:cobblestone":1345,"minecraft:cooked_porkchop":25,"minecraft:bucket":3,"minecraft:andesite":1,"minecraft:yellow_bed":2,"minecraft:gray_wool":1,"minecraft:bone_meal":15}},"DataVersion":3465}