{"stats":{"minecraft:mined":{"minecraft:dark_oak_wood":2,"minecraft:grass":1,"minecraft:grass_block":3,"minecraft:tall_grass":1,"minecraft:dark_oak_log":3},"minecraft:custom":{"minecraft:time_since_rest":12000,"minecraft:play_time":12000,"minecraft:damage_taken":126,"minecraft:walk_one_cm":4758,"minecraft:walk_under_water_one_cm":2050,"minecraft:jump":64,"minecraft:time_since_death":12000,"minecraft:walk_on_water_one_cm":1944,"minecraft:total_world_time":12000,"minecraft:fall_one_cm":4017,"minecraft:fly_one_cm":171},"minecraft:picked_up":{"minecraft:iron_axe":1,"minecraft:dark_oak_sapling":1,"minecraft:stick":2,"minecraft:iron_chestplate":1,"minecraft:iron_leggings":1,"minecraft:cooked_beef":2,"minecraft:apple":1,"minecraft:dark_oak_wood":2,"minecraft:dark_oak_log":3,"minecraft:dirt":3},"minecraft:used":{"minecraft:iron_axe":1}},"DataVersion":3465}