{"stats":{"minecraft:mined":{"minecraft:dark_oak_wood":2,"minecraft:grass":1,"minecraft:grass_block":3,"minecraft:coarse_dirt":1,"minecraft:tall_grass":1,"minecraft:dark_oak_log":3,"minecraft:oak_leaves":1},"minecraft:custom":{"minecraft:time_since_rest":24000,"minecraft:interact_with_furnace":1,"minecraft:play_time":24000,"minecraft:damage_taken":234,"minecraft:walk_one_cm":13865,"minecraft:walk_under_water_one_cm":2050,"minecraft:jump":135,"minecraft:damage_dealt":174,"minecraft:time_since_death":24000,"minecraft:walk_on_water_one_cm":1944,"minecraft:total_world_time":24000,"minecraft:fall_one_cm":8152,"minecraft:fly_one_cm":433},"minecraft:crafted":{"minecraft:dark_oak_button":2,"minecraft:dark_oak_planks":12,"minecraft:crafting_table":1,"minecraft:cooked_beef":2},"minecraft:picked_up":{"minecraft:iron_axe":1,"minecraft:dark_oak_sapling":2,"minecraft:stick":2,"minecraft:iron_chestplate":1,"minecraft:iron_leggings":1,"minecraft:cooked_beef":2,"minecraft:apple":1,"minecraft:dark_oak_wood":3,"minecraft:dark_oak_log":3,"minecraft:dirt":3,"minecraft:coarse_dirt":1},"minecraft:used":{"minecraft:iron_axe":5}},"DataVersion":3465}