{"stats":{"minecraft:mined":{"minecraft:dark_oak_wood":2,"minecraft:grass":1,"minecraft:grass_block":5,"minecraft:coarse_dirt":1,"minecraft:glass":1,"minecraft:tall_grass":1,"minecraft:dark_oak_log":3,"minecraft:oak_leaves":1},"minecraft:custom":{"minecraft:time_since_rest":36000,"minecraft:interact_with_furnace":4,"minecraft:play_time":36000,"minecraft:damage_taken":254,"minecraft:walk_one_cm":20065,"minecraft:walk_under_water_one_cm":2050,"minecraft:jump":178,"minecraft:damage_dealt":174,"minecraft:time_since_death":36000,"minecraft:walk_on_water_one_cm":1944,"minecraft:total_world_time":36000,"minecraft:fall_one_cm":9046,"minecraft:fly_one_cm":712},"minecraft:crafted":{"minecraft:dark_oak_button":2,"minecraft:dark_oak_planks":12,"minecraft:crafting_table":1,"minecraft:cooked_beef":2},"minecraft:picked_up":{"minecraft:iron_axe":1,"minecraft:dark_oak_sapling":2,"minecraft:stick":2,"minecraft:iron_chestplate":1,"minecraft:iron_leggings":1,"minecraft:cooked_beef":2,"minecraft:apple":1,"minecraft:oak_log":2,"minecraft:cobblestone":3,"minecraft:oak_wood":2,"minecraft:chicken":1,"minecraft:dark_oak_wood":3,"minecraft:dark_oak_log":3,"minecraft:cooked_mutton":2,"minecraft:dirt":5,"minecraft:coarse_dirt":1},"minecraft:used":{"minecraft:iron_axe":8,"minecraft:cooked_beef":2}},"DataVersion":3465}