{"stats":{"minecraft:mined":{"minecraft:coarse_dirt":1,"minecraft:dark_oak_log":3,"minecraft:dandelion":1,"minecraft:oak_wood":3,"minecraft:dark_oak_wood":2,"minecraft:grass":2,"minecraft:oak_log":8,"minecraft:grass_block":6,"minecraft:poppy":2,"minecraft:dirt":2,"minecraft:stripped_oak_log":1,"minecraft:glass":1,"minecraft:tall_grass":2,"minecraft:moss_block":1,"minecraft:oak_leaves":1},"minecraft:custom":{"minecraft:time_since_rest":13491,"minecraft:sprint_one_cm":164,"minecraft:interact_with_furnace":4,"minecraft:walk_one_cm":105090,"minecraft:damage_taken":484,"minecraft:drop":5,"minecraft:damage_dealt":314,"minecraft:fly_one_cm":2361,"minecraft:play_time":75776,"minecraft:walk_under_water_one_cm":2050,"minecraft:jump":359,"minecraft:leave_game":2,"minecraft:walk_on_water_one_cm":1944,"minecraft:time_since_death":75776,"minecraft:sleep_in_bed":6,"minecraft:total_world_time":75776,"minecraft:fall_one_cm":11349},"minecraft:crafted":{"minecraft:cooked_beef":2,"minecraft:crafting_table":1,"minecraft:dark_oak_button":2,"minecraft:dark_oak_planks":12,"minecraft:torch":4},"minecraft:dropped":{"minecraft:iron_axe":2,"minecraft:white_bed":1,"minecraft:poppy":2},"minecraft:picked_up":{"minecraft:fishing_rod":1,"minecraft:dark_oak_sapling":2,"minecraft:coarse_dirt":1,"minecraft:stick":2,"minecraft:iron_chestplate":1,"minecraft:cooked_beef":2,"minecraft:chicken":1,"minecraft:dandelion":2,"minecraft:oak_log":15,"minecraft:white_bed":1,"minecraft:dark_oak_log":3,"minecraft:dirt":8,"minecraft:iron_axe":3,"minecraft:iron_leggings":1,"minecraft:oak_wood":4,"minecraft:cooked_mutton":2,"minecraft:apple":1,"minecraft:oak_sign":1,"minecraft:wheat_seeds":1,"minecraft:poppy":4,"minecraft:moss_block":1,"minecraft:dark_oak_wood":3,"minecraft:coal":1,"minecraft:white_wool":1,"minecraft:cobblestone":3},"minecraft:used":{"minecraft:cooked_mutton":1,"minecraft:iron_axe":26,"minecraft:poppy":2,"minecraft:torch":4,"minecraft:cooked_beef":2,"minecraft:dandelion":2}},"DataVersion":3465}