{"stats":{"minecraft:mined":{"minecraft:coarse_dirt":1,"minecraft:dark_oak_log":3,"minecraft:dark_oak_wood":2,"minecraft:grass":2,"minecraft:grass_block":5,"minecraft:poppy":1,"minecraft:tall_grass":1,"minecraft:glass":1,"minecraft:moss_block":1,"minecraft:oak_leaves":1},"minecraft:custom":{"minecraft:time_since_rest":6453,"minecraft:interact_with_furnace":4,"minecraft:sprint_one_cm":164,"minecraft:damage_taken":321,"minecraft:walk_one_cm":41935,"minecraft:damage_dealt":174,"minecraft:fly_one_cm":1115,"minecraft:play_time":51862,"minecraft:walk_under_water_one_cm":2050,"minecraft:jump":215,"minecraft:leave_game":1,"minecraft:walk_on_water_one_cm":1944,"minecraft:time_since_death":51862,"minecraft:sleep_in_bed":2,"minecraft:total_world_time":51862,"minecraft:fall_one_cm":9673},"minecraft:crafted":{"minecraft:cooked_beef":2,"minecraft:crafting_table":1,"minecraft:dark_oak_button":2,"minecraft:dark_oak_planks":12,"minecraft:torch":4},"minecraft:picked_up":{"minecraft:fishing_rod":1,"minecraft:coarse_dirt":1,"minecraft:dark_oak_sapling":2,"minecraft:stick":2,"minecraft:iron_chestplate":1,"minecraft:chicken":1,"minecraft:cooked_beef":2,"minecraft:dandelion":1,"minecraft:oak_log":2,"minecraft:dark_oak_log":3,"minecraft:dirt":5,"minecraft:iron_axe":1,"minecraft:cooked_mutton":2,"minecraft:iron_leggings":1,"minecraft:oak_wood":2,"minecraft:apple":1,"minecraft:oak_sign":1,"minecraft:poppy":2,"minecraft:moss_block":1,"minecraft:dark_oak_wood":3,"minecraft:coal":1,"minecraft:white_wool":1,"minecraft:cobblestone":3},"minecraft:used":{"minecraft:cooked_mutton":1,"minecraft:iron_axe":11,"minecraft:torch":4,"minecraft:cooked_beef":2}},"DataVersion":3465}