{"stats":{"minecraft:mined":{"minecraft:deepslate_diamond_ore":8,"minecraft:crafting_table":3,"minecraft:grass_block":3,"minecraft:jungle_log":7,"minecraft:tall_grass":3,"minecraft:cobblestone":7,"minecraft:deepslate_gold_ore":3,"minecraft:lapis_ore":6,"minecraft:moss_block":2,"minecraft:sculk":7,"minecraft:wall_torch":1,"minecraft:spawner":1,"minecraft:jungle_wood":2,"minecraft:furnace":4,"minecraft:iron_ore":93,"minecraft:andesite":1,"minecraft:grass":2,"minecraft:oak_log":2,"minecraft:coal_ore":26,"minecraft:deepslate_iron_ore":29,"minecraft:rail":16,"minecraft:dirt":9,"minecraft:cobweb":36,"minecraft:stone":179,"minecraft:gold_ore":6,"minecraft:deepslate":27,"minecraft:oak_leaves":1},"minecraft:custom":{"minecraft:interact_with_furnace":37,"minecraft:mob_kills":40,"minecraft:interact_with_crafting_table":16,"minecraft:leave_game":1,"minecraft:time_since_death":69180,"minecraft:climb_one_cm":44,"minecraft:time_since_rest":69180,"minecraft:sprint_one_cm":198040,"minecraft:damage_taken":946,"minecraft:walk_one_cm":130669,"minecraft:damage_blocked_by_shield":195,"minecraft:drop":4,"minecraft:damage_dealt":7265,"minecraft:fly_one_cm":226078,"minecraft:crouch_one_cm":40422,"minecraft:play_time":69180,"minecraft:sneak_time":12504,"minecraft:jump":1374,"minecraft:total_world_time":69180,"minecraft:fall_one_cm":43929},"minecraft:killed":{"minecraft:cave_spider":2,"minecraft:pig":4,"minecraft:spider":3,"minecraft:creeper":4,"minecraft:sheep":3,"minecraft:skeleton":6,"minecraft:zombie":13,"minecraft:cow":3},"minecraft:crafted":{"minecraft:cooked_beef":6,"minecraft:cooked_porkchop":7,"minecraft:crafting_table":2,"minecraft:wooden_pickaxe":1,"minecraft:iron_helmet":1,"minecraft:iron_sword":1,"minecraft:furnace":3,"minecraft:stone_axe":1,"minecraft:cooked_mutton":5,"minecraft:air":0,"minecraft:jungle_planks":36,"minecraft:iron_boots":1,"minecraft:iron_chestplate":1,"minecraft:shield":1,"minecraft:stick":16,"minecraft:iron_ingot":75,"minecraft:iron_pickaxe":1,"minecraft:stone_pickaxe":1,"minecraft:wooden_axe":1,"minecraft:iron_leggings":1},"minecraft:dropped":{"minecraft:cooked_porkchop":1,"minecraft:rotten_flesh":7},"minecraft:picked_up":{"minecraft:crafting_table":3,"minecraft:andesite":1,"minecraft:jungle_log":7,"minecraft:leather":3,"minecraft:jungle_wood":2,"minecraft:oak_log":2,"minecraft:gunpowder":5,"minecraft:string":40,"minecraft:lapis_lazuli":39,"minecraft:dirt":12,"minecraft:moss_carpet":1,"minecraft:bone":6,"minecraft:bow":1,"minecraft:cobbled_deepslate":28,"minecraft:raw_gold":9,"minecraft:beef":6,"minecraft:moss_block":2,"minecraft:oak_planks":2,"minecraft:furnace":4,"minecraft:stick":2,"minecraft:raw_iron":134,"minecraft:torch":1,"minecraft:porkchop":7,"minecraft:spider_eye":2,"minecraft:arrow":4,"minecraft:rotten_flesh":7,"minecraft:diamond":8,"minecraft:mutton":5,"minecraft:coal":42,"minecraft:rail":16,"minecraft:white_wool":3,"minecraft:cobblestone":185},"minecraft:used":{"minecraft:cooked_mutton":5,"minecraft:stone_pickaxe":129,"minecraft:shield":8,"minecraft:wooden_pickaxe":56,"minecraft:iron_sword":122,"minecraft:iron_chestplate":1,"minecraft:torch":1,"minecraft:dirt":10,"minecraft:crafting_table":3,"minecraft:wooden_axe":31,"minecraft:iron_pickaxe":235,"minecraft:iron_helmet":1,"minecraft:stone_axe":46,"minecraft:cobblestone":133,"minecraft:furnace":5,"minecraft:cooked_porkchop":6,"minecraft:andesite":1,"minecraft:cooked_beef":6,"minecraft:cobbled_deepslate":28},"minecraft:broken":{"minecraft:stone_pickaxe":1,"minecraft:wooden_axe":1}},"DataVersion":3465}