{"stats":{"minecraft:mined":{"minecraft:tuff":2,"minecraft:white_bed":2,"minecraft:mossy_cobblestone":6,"minecraft:deepslate_diamond_ore":8,"minecraft:stripped_birch_log":8,"minecraft:dark_oak_log":12,"minecraft:grass_block":15,"minecraft:jungle_log":7,"minecraft:brown_banner":1,"minecraft:moss_block":3,"minecraft:spawner":1,"minecraft:large_fern":1,"minecraft:furnace":7,"minecraft:iron_ore":97,"minecraft:andesite":3,"minecraft:peony":2,"minecraft:gold_block":1,"minecraft:flowering_azalea_leaves":11,"minecraft:deepslate_iron_ore":29,"minecraft:rail":16,"minecraft:azalea_leaves":15,"minecraft:stone":218,"minecraft:lily_of_the_valley":3,"minecraft:dandelion":1,"minecraft:crafting_table":8,"minecraft:dark_oak_wood":11,"minecraft:oak_wood":21,"minecraft:poppy":2,"minecraft:chest":1,"minecraft:tall_grass":16,"minecraft:cobblestone":16,"minecraft:lapis_ore":6,"minecraft:deepslate_gold_ore":3,"minecraft:oak_planks":3,"minecraft:sculk":7,"minecraft:wall_torch":1,"minecraft:seagrass":1,"minecraft:coarse_dirt":2,"minecraft:jungle_wood":2,"minecraft:brown_wall_banner":9,"minecraft:bee_nest":1,"minecraft:grass":66,"minecraft:coal_ore":26,"minecraft:oak_log":37,"minecraft:cherry_leaves":1,"minecraft:sand":113,"minecraft:dirt":35,"minecraft:cobweb":36,"minecraft:gold_ore":6,"minecraft:oak_leaves":27,"minecraft:deepslate":27,"minecraft:fern":6},"minecraft:custom":{"minecraft:mob_kills":90,"minecraft:interact_with_crafting_table":41,"minecraft:bell_ring":4,"minecraft:leave_game":6,"minecraft:time_since_death":115858,"minecraft:climb_one_cm":792,"minecraft:sprint_one_cm":671580,"minecraft:walk_one_cm":871246,"minecraft:damage_blocked_by_shield":1004,"minecraft:drop":57,"minecraft:talked_to_villager":1,"minecraft:play_time":331321,"minecraft:deaths":2,"minecraft:sneak_time":22203,"minecraft:walk_under_water_one_cm":1317,"minecraft:boat_one_cm":16425,"minecraft:jump":5847,"minecraft:walk_on_water_one_cm":3331,"minecraft:total_world_time":331321,"minecraft:interact_with_furnace":90,"minecraft:sleep_in_bed":8,"minecraft:time_since_rest":241,"minecraft:damage_taken":2980,"minecraft:damage_dealt":13554,"minecraft:player_kills":2,"minecraft:swim_one_cm":6729,"minecraft:fly_one_cm":1403571,"minecraft:open_chest":15,"minecraft:crouch_one_cm":80610,"minecraft:fish_caught":1,"minecraft:fall_one_cm":196999},"minecraft:killed":{"minecraft:cave_spider":2,"minecraft:spider":10,"minecraft:skeleton":8,"minecraft:chicken":10,"minecraft:pig":6,"minecraft:wandering_trader":1,"minecraft:creeper":8,"minecraft:sheep":12,"minecraft:zombie":20,"minecraft:cow":11},"minecraft:crafted":{"minecraft:oak_door":3,"minecraft:oak_planks":164,"minecraft:oak_sign":3,"minecraft:fishing_rod":1,"minecraft:cooked_chicken":5,"minecraft:furnace":4,"minecraft:cooked_mutton":11,"minecraft:oak_trapdoor":2,"minecraft:glass":70,"minecraft:iron_boots":1,"minecraft:iron_axe":2,"minecraft:stone_pickaxe":1,"minecraft:chest":2,"minecraft:dark_oak_planks":16,"minecraft:cooked_beef":20,"minecraft:cooked_porkchop":11,"minecraft:crafting_table":3,"minecraft:wooden_pickaxe":1,"minecraft:iron_helmet":1,"minecraft:iron_sword":1,"minecraft:bucket":1,"minecraft:stone_axe":1,"minecraft:air":0,"minecraft:jungle_planks":36,"minecraft:oak_boat":1,"minecraft:iron_chestplate":1,"minecraft:wooden_hoe":1,"minecraft:shield":1,"minecraft:stick":20,"minecraft:iron_ingot":75,"minecraft:iron_pickaxe":2,"minecraft:wooden_axe":1,"minecraft:iron_shovel":1,"minecraft:iron_leggings":1,"minecraft:white_bed":1},"minecraft:dropped":{"minecraft:bread":12,"minecraft:iron_ingot":24,"minecraft:iron_sword":1,"minecraft:cooked_beef":2,"minecraft:oak_log":2,"minecraft:mossy_cobblestone":6,"minecraft:diamond":32,"minecraft:dark_oak_sapling":1,"minecraft:cooked_porkchop":1,"minecraft:feather":1,"minecraft:cobblestone":3,"minecraft:grass_block":1,"minecraft:coal":8,"minecraft:iron_leggings":1,"minecraft:iron_axe":2,"minecraft:fishing_rod":1,"minecraft:white_wool":1,"minecraft:bone":9,"minecraft:dandelion":4,"minecraft:oak_door":1,"minecraft:iron_nugget":14,"minecraft:cobbled_deepslate":64,"minecraft:tuff":2,"minecraft:raw_iron":63,"minecraft:chicken":1,"minecraft:rotten_flesh":23,"minecraft:grindstone":1,"minecraft:light_gray_wool":1,"minecraft:oak_planks":1,"minecraft:stripped_oak_log":1,"minecraft:cooked_mutton":2,"minecraft:oak_sign":1,"minecraft:lily_of_the_valley":2,"minecraft:poppy":2,"minecraft:iron_chestplate":1,"minecraft:oak_sapling":1,"minecraft:spider_eye":4,"minecraft:arrow":9,"minecraft:wooden_pickaxe":1,"minecraft:glass":11,"minecraft:egg":1},"minecraft:picked_up":{"minecraft:crafting_table":8,"minecraft:iron_chestplate":1,"minecraft:coarse_dirt":15,"minecraft:bee_nest":1,"minecraft:chicken":10,"minecraft:wooden_pickaxe":1,"minecraft:lead":3,"minecraft:gold_block":2,"minecraft:enchanted_book":1,"minecraft:shield":2,"minecraft:oak_trapdoor":2,"minecraft:string":86,"minecraft:moss_carpet":1,"minecraft:iron_axe":2,"minecraft:iron_leggings":1,"minecraft:iron_shovel":2,"minecraft:oak_sign":3,"minecraft:cobbled_deepslate":120,"minecraft:bucket":1,"minecraft:spruce_planks":6,"minecraft:beef":26,"minecraft:oak_boat":3,"minecraft:iron_nugget":14,"minecraft:poppy":12,"minecraft:iron_pickaxe":2,"minecraft:light_gray_wool":4,"minecraft:chest":1,"minecraft:furnace":7,"minecraft:iron_boots":2,"minecraft:egg":3,"minecraft:dark_oak_sapling":1,"minecraft:stick":38,"minecraft:raw_iron":138,"minecraft:oak_door":3,"minecraft:torch":18,"minecraft:fire_charge":2,"minecraft:porkchop":11,"minecraft:redstone":22,"minecraft:dark_oak_planks":2,"minecraft:arrow":21,"minecraft:rotten_flesh":23,"minecraft:tropical_fish":1,"minecraft:peony":2,"minecraft:mutton":21,"minecraft:rail":40,"minecraft:white_wool":19,"minecraft:cobblestone":265,"minecraft:stripped_oak_log":1,"minecraft:feather":14,"minecraft:jungle_log":7,"minecraft:andesite":5,"minecraft:leather":23,"minecraft:jungle_wood":2,"minecraft:tuff":4,"minecraft:oak_log":31,"minecraft:gunpowder":16,"minecraft:stripped_birch_log":6,"minecraft:lapis_lazuli":78,"minecraft:wooden_hoe":1,"minecraft:dirt":75,"minecraft:glass":12,"minecraft:bone":25,"minecraft:apple":7,"minecraft:bow":3,"minecraft:wheat_seeds":30,"minecraft:raw_gold":18,"minecraft:grindstone":1,"minecraft:iron_ingot":49,"minecraft:moss_block":2,"minecraft:oak_planks":56,"minecraft:iron_sword":2,"minecraft:dandelion":6,"minecraft:jungle_planks":5,"minecraft:sand":201,"minecraft:spruce_sapling":1,"minecraft:white_bed":2,"minecraft:grass_block":1,"minecraft:lily_of_the_valley":3,"minecraft:dark_oak_log":23,"minecraft:spider_eye":8,"minecraft:mossy_cobblestone":12,"minecraft:oak_wood":28,"minecraft:diamond":56,"minecraft:stone_axe":1,"minecraft:iron_helmet":2,"minecraft:bread":28,"minecraft:oak_sapling":30,"minecraft:brown_banner":9,"minecraft:dark_oak_wood":21,"minecraft:coal":119},"minecraft:broken":{"minecraft:stone_pickaxe":1,"minecraft:iron_sword":1,"minecraft:wooden_axe":1},"minecraft:used":{"minecraft:peony":2,"minecraft:moss_block":2,"minecraft:moss_carpet":1,"minecraft:iron_shovel":128,"minecraft:ladder":4,"minecraft:poppy":2,"minecraft:oak_sign":1,"minecraft:chest":4,"minecraft:shield":43,"minecraft:iron_sword":223,"minecraft:stone":1,"minecraft:cooked_chicken":5,"minecraft:oak_door":3,"minecraft:iron_chestplate":2,"minecraft:torch":94,"minecraft:dirt":58,"minecraft:lily_of_the_valley":1,"minecraft:jungle_planks":3,"minecraft:glass":63,"minecraft:wooden_axe":31,"minecraft:grass_block":569,"minecraft:iron_axe":153,"minecraft:oak_stairs":164,"minecraft:iron_helmet":1,"minecraft:cherry_leaves":204,"minecraft:light_gray_wool":1,"minecraft:bow":4,"minecraft:oak_sapling":1,"minecraft:furnace":11,"minecraft:cooked_beef":18,"minecraft:cobbled_deepslate":28,"minecraft:iron_leggings":1,"minecraft:wheat_seeds":8,"minecraft:cooked_mutton":9,"minecraft:water_bucket":1,"minecraft:birch_planks":2,"minecraft:stripped_birch_log":333,"minecraft:birch_leaves":1,"minecraft:stone_pickaxe":129,"minecraft:oak_planks":658,"minecraft:wooden_pickaxe":58,"minecraft:oak_leaves":1,"minecraft:crafting_table":11,"minecraft:white_bed":5,"minecraft:wooden_hoe":9,"minecraft:apple":1,"minecraft:bread":4,"minecraft:iron_pickaxe":300,"minecraft:flowering_azalea_leaves":2,"minecraft:stone_axe":48,"minecraft:fishing_rod":1,"minecraft:cobblestone":159,"minecraft:cooked_porkchop":10,"minecraft:bucket":1,"minecraft:andesite":1,"minecraft:birch_log":25,"minecraft:oak_boat":1,"minecraft:stripped_oak_log":252,"minecraft:coarse_dirt":15,"minecraft:birch_stairs":38}},"DataVersion":3465}