{"stats":{"minecraft:mined":{"minecraft:tuff":2,"minecraft:mossy_cobblestone":5,"minecraft:deepslate_diamond_ore":8,"minecraft:dark_oak_log":12,"minecraft:grass_block":4,"minecraft:jungle_log":7,"minecraft:moss_block":2,"minecraft:spawner":1,"minecraft:furnace":7,"minecraft:iron_ore":97,"minecraft:andesite":3,"minecraft:gold_block":1,"minecraft:flowering_azalea_leaves":11,"minecraft:deepslate_iron_ore":29,"minecraft:rail":16,"minecraft:azalea_leaves":15,"minecraft:stone":207,"minecraft:crafting_table":8,"minecraft:dark_oak_wood":11,"minecraft:oak_wood":9,"minecraft:tall_grass":8,"minecraft:cobblestone":7,"minecraft:deepslate_gold_ore":3,"minecraft:lapis_ore":6,"minecraft:oak_planks":3,"minecraft:sculk":7,"minecraft:wall_torch":1,"minecraft:seagrass":1,"minecraft:coarse_dirt":2,"minecraft:jungle_wood":2,"minecraft:grass":13,"minecraft:oak_log":22,"minecraft:coal_ore":26,"minecraft:cherry_leaves":1,"minecraft:dirt":35,"minecraft:sand":113,"minecraft:cobweb":36,"minecraft:gold_ore":6,"minecraft:oak_leaves":12,"minecraft:deepslate":27,"minecraft:fern":1},"minecraft:custom":{"minecraft:mob_kills":77,"minecraft:interact_with_crafting_table":33,"minecraft:bell_ring":4,"minecraft:leave_game":3,"minecraft:time_since_death":80240,"minecraft:climb_one_cm":250,"minecraft:sprint_one_cm":413279,"minecraft:walk_one_cm":305318,"minecraft:damage_blocked_by_shield":660,"minecraft:drop":23,"minecraft:talked_to_villager":1,"minecraft:play_time":181909,"minecraft:deaths":1,"minecraft:sneak_time":15774,"minecraft:walk_under_water_one_cm":1317,"minecraft:boat_one_cm":16425,"minecraft:jump":3976,"minecraft:walk_on_water_one_cm":3331,"minecraft:total_world_time":181909,"minecraft:interact_with_furnace":79,"minecraft:sleep_in_bed":2,"minecraft:time_since_rest":50256,"minecraft:damage_taken":2281,"minecraft:damage_dealt":11101,"minecraft:swim_one_cm":6729,"minecraft:fly_one_cm":760202,"minecraft:open_chest":3,"minecraft:crouch_one_cm":52163,"minecraft:fall_one_cm":163870},"minecraft:killed":{"minecraft:cave_spider":2,"minecraft:spider":5,"minecraft:skeleton":6,"minecraft:chicken":10,"minecraft:pig":5,"minecraft:wandering_trader":1,"minecraft:creeper":7,"minecraft:sheep":12,"minecraft:zombie":16,"minecraft:cow":11},"minecraft:crafted":{"minecraft:oak_door":3,"minecraft:oak_planks":68,"minecraft:cooked_chicken":3,"minecraft:furnace":4,"minecraft:cooked_mutton":11,"minecraft:glass":70,"minecraft:iron_boots":1,"minecraft:iron_axe":2,"minecraft:stone_pickaxe":1,"minecraft:chest":1,"minecraft:dark_oak_planks":16,"minecraft:cooked_beef":20,"minecraft:cooked_porkchop":8,"minecraft:crafting_table":3,"minecraft:wooden_pickaxe":1,"minecraft:iron_helmet":1,"minecraft:iron_sword":1,"minecraft:stone_axe":1,"minecraft:air":0,"minecraft:jungle_planks":36,"minecraft:oak_boat":1,"minecraft:iron_chestplate":1,"minecraft:shield":1,"minecraft:stick":20,"minecraft:iron_ingot":75,"minecraft:iron_pickaxe":2,"minecraft:wooden_axe":1,"minecraft:iron_shovel":1,"minecraft:iron_leggings":1},"minecraft:dropped":{"minecraft:iron_ingot":24,"minecraft:cooked_beef":2,"minecraft:dark_oak_sapling":1,"minecraft:cooked_porkchop":1,"minecraft:feather":1,"minecraft:coal":7,"minecraft:iron_leggings":1,"minecraft:iron_axe":1,"minecraft:raw_iron":63,"minecraft:chicken":1,"minecraft:rotten_flesh":7,"minecraft:light_gray_wool":1,"minecraft:oak_planks":1,"minecraft:cooked_mutton":2,"minecraft:iron_chestplate":1,"minecraft:spider_eye":2,"minecraft:glass":11,"minecraft:wooden_pickaxe":1},"minecraft:picked_up":{"minecraft:coarse_dirt":15,"minecraft:iron_chestplate":1,"minecraft:crafting_table":8,"minecraft:chicken":10,"minecraft:lead":2,"minecraft:wooden_pickaxe":1,"minecraft:gold_block":2,"minecraft:enchanted_book":1,"minecraft:shield":1,"minecraft:string":80,"minecraft:moss_carpet":1,"minecraft:iron_leggings":1,"minecraft:iron_shovel":1,"minecraft:cobbled_deepslate":28,"minecraft:spruce_planks":6,"minecraft:beef":26,"minecraft:oak_boat":2,"minecraft:iron_pickaxe":1,"minecraft:light_gray_wool":4,"minecraft:egg":2,"minecraft:iron_boots":1,"minecraft:furnace":7,"minecraft:dark_oak_sapling":1,"minecraft:raw_iron":138,"minecraft:stick":16,"minecraft:torch":1,"minecraft:fire_charge":2,"minecraft:porkchop":8,"minecraft:redstone":6,"minecraft:arrow":6,"minecraft:rotten_flesh":7,"minecraft:mutton":21,"minecraft:rail":40,"minecraft:white_wool":18,"minecraft:cobblestone":222,"minecraft:feather":10,"minecraft:jungle_log":7,"minecraft:andesite":3,"minecraft:leather":21,"minecraft:jungle_wood":2,"minecraft:tuff":2,"minecraft:oak_log":19,"minecraft:gunpowder":13,"minecraft:lapis_lazuli":78,"minecraft:dirt":49,"minecraft:glass":12,"minecraft:bone":12,"minecraft:apple":2,"minecraft:bow":2,"minecraft:raw_gold":18,"minecraft:iron_ingot":23,"minecraft:moss_block":2,"minecraft:oak_planks":15,"minecraft:iron_sword":1,"minecraft:jungle_planks":5,"minecraft:sand":201,"minecraft:dark_oak_log":12,"minecraft:spider_eye":6,"minecraft:mossy_cobblestone":5,"minecraft:oak_wood":7,"minecraft:diamond":16,"minecraft:stone_axe":1,"minecraft:iron_helmet":1,"minecraft:oak_sapling":2,"minecraft:dark_oak_wood":12,"minecraft:coal":119},"minecraft:broken":{"minecraft:stone_pickaxe":1,"minecraft:wooden_axe":1},"minecraft:used":{"minecraft:moss_block":2,"minecraft:moss_carpet":1,"minecraft:iron_shovel":127,"minecraft:chest":1,"minecraft:shield":26,"minecraft:iron_sword":206,"minecraft:cooked_chicken":1,"minecraft:oak_door":2,"minecraft:iron_chestplate":2,"minecraft:torch":1,"minecraft:dirt":27,"minecraft:jungle_planks":3,"minecraft:glass":62,"minecraft:wooden_axe":31,"minecraft:iron_axe":62,"minecraft:iron_helmet":1,"minecraft:light_gray_wool":1,"minecraft:bow":4,"minecraft:furnace":11,"minecraft:cooked_beef":18,"minecraft:cobbled_deepslate":28,"minecraft:iron_leggings":1,"minecraft:cooked_mutton":9,"minecraft:stone_pickaxe":129,"minecraft:oak_planks":49,"minecraft:wooden_pickaxe":58,"minecraft:crafting_table":11,"minecraft:apple":1,"minecraft:iron_pickaxe":279,"minecraft:stone_axe":48,"minecraft:cobblestone":150,"minecraft:cooked_porkchop":7,"minecraft:andesite":1,"minecraft:oak_boat":1,"minecraft:coarse_dirt":15}},"DataVersion":3465}