{"stats":{"minecraft:mined":{"minecraft:deepslate_diamond_ore":8,"minecraft:crafting_table":5,"minecraft:grass_block":4,"minecraft:jungle_log":7,"minecraft:tall_grass":5,"minecraft:cobblestone":7,"minecraft:deepslate_gold_ore":3,"minecraft:lapis_ore":6,"minecraft:moss_block":2,"minecraft:sculk":7,"minecraft:wall_torch":1,"minecraft:spawner":1,"minecraft:seagrass":1,"minecraft:jungle_wood":2,"minecraft:furnace":5,"minecraft:iron_ore":97,"minecraft:andesite":1,"minecraft:gold_block":1,"minecraft:grass":4,"minecraft:coal_ore":26,"minecraft:oak_log":2,"minecraft:deepslate_iron_ore":29,"minecraft:rail":16,"minecraft:sand":108,"minecraft:dirt":9,"minecraft:cobweb":36,"minecraft:stone":182,"minecraft:gold_ore":6,"minecraft:oak_leaves":2,"minecraft:deepslate":27},"minecraft:custom":{"minecraft:interact_with_furnace":41,"minecraft:mob_kills":52,"minecraft:interact_with_crafting_table":22,"minecraft:bell_ring":4,"minecraft:leave_game":2,"minecraft:time_since_death":318,"minecraft:sleep_in_bed":1,"minecraft:climb_one_cm":44,"minecraft:time_since_rest":342,"minecraft:sprint_one_cm":264367,"minecraft:damage_taken":1552,"minecraft:walk_one_cm":187609,"minecraft:damage_blocked_by_shield":195,"minecraft:drop":7,"minecraft:damage_dealt":8401,"minecraft:swim_one_cm":6729,"minecraft:talked_to_villager":1,"minecraft:fly_one_cm":354607,"minecraft:open_chest":1,"minecraft:crouch_one_cm":46837,"minecraft:play_time":101987,"minecraft:deaths":1,"minecraft:sneak_time":14381,"minecraft:walk_under_water_one_cm":1317,"minecraft:boat_one_cm":16425,"minecraft:jump":2086,"minecraft:walk_on_water_one_cm":3185,"minecraft:total_world_time":101987,"minecraft:fall_one_cm":75537},"minecraft:killed":{"minecraft:cave_spider":2,"minecraft:pig":4,"minecraft:spider":3,"minecraft:wandering_trader":1,"minecraft:creeper":4,"minecraft:skeleton":6,"minecraft:sheep":9,"minecraft:zombie":15,"minecraft:cow":6},"minecraft:crafted":{"minecraft:cooked_beef":6,"minecraft:oak_planks":8,"minecraft:cooked_porkchop":7,"minecraft:crafting_table":2,"minecraft:wooden_pickaxe":1,"minecraft:iron_helmet":1,"minecraft:iron_sword":1,"minecraft:furnace":3,"minecraft:stone_axe":1,"minecraft:cooked_mutton":9,"minecraft:air":0,"minecraft:jungle_planks":36,"minecraft:oak_boat":1,"minecraft:iron_boots":1,"minecraft:iron_chestplate":1,"minecraft:shield":1,"minecraft:stick":16,"minecraft:iron_ingot":75,"minecraft:iron_pickaxe":1,"minecraft:stone_pickaxe":1,"minecraft:wooden_axe":1,"minecraft:iron_shovel":1,"minecraft:iron_leggings":1},"minecraft:dropped":{"minecraft:iron_ingot":24,"minecraft:cooked_porkchop":1,"minecraft:raw_iron":63,"minecraft:rotten_flesh":7,"minecraft:coal":7},"minecraft:picked_up":{"minecraft:crafting_table":5,"minecraft:andesite":1,"minecraft:jungle_log":7,"minecraft:leather":9,"minecraft:lead":1,"minecraft:jungle_wood":2,"minecraft:gold_block":1,"minecraft:oak_log":2,"minecraft:gunpowder":5,"minecraft:string":40,"minecraft:lapis_lazuli":39,"minecraft:dirt":13,"minecraft:moss_carpet":1,"minecraft:bone":6,"minecraft:bow":1,"minecraft:cobbled_deepslate":28,"minecraft:raw_gold":9,"minecraft:beef":10,"minecraft:oak_boat":1,"minecraft:light_gray_wool":1,"minecraft:moss_block":2,"minecraft:oak_planks":2,"minecraft:furnace":5,"minecraft:stick":2,"minecraft:raw_iron":138,"minecraft:torch":1,"minecraft:sand":98,"minecraft:porkchop":7,"minecraft:spider_eye":2,"minecraft:arrow":4,"minecraft:rotten_flesh":7,"minecraft:diamond":8,"minecraft:mutton":13,"minecraft:coal":55,"minecraft:white_wool":8,"minecraft:rail":16,"minecraft:cobblestone":188},"minecraft:used":{"minecraft:moss_block":2,"minecraft:cooked_mutton":9,"minecraft:moss_carpet":1,"minecraft:iron_shovel":110,"minecraft:stone_pickaxe":129,"minecraft:shield":8,"minecraft:wooden_pickaxe":58,"minecraft:iron_sword":148,"minecraft:iron_chestplate":1,"minecraft:torch":1,"minecraft:dirt":13,"minecraft:crafting_table":7,"minecraft:wooden_axe":31,"minecraft:iron_pickaxe":242,"minecraft:iron_helmet":1,"minecraft:light_gray_wool":1,"minecraft:stone_axe":48,"minecraft:bow":2,"minecraft:cobblestone":150,"minecraft:furnace":8,"minecraft:cooked_porkchop":6,"minecraft:andesite":1,"minecraft:oak_boat":1,"minecraft:cooked_beef":6,"minecraft:cobbled_deepslate":28},"minecraft:broken":{"minecraft:stone_pickaxe":1,"minecraft:wooden_axe":1}},"DataVersion":3465}