{"stats":{"minecraft:mined":{"minecraft:deepslate_diamond_ore":8,"minecraft:crafting_table":5,"minecraft:grass_block":4,"minecraft:jungle_log":7,"minecraft:tall_grass":5,"minecraft:cobblestone":7,"minecraft:deepslate_gold_ore":3,"minecraft:lapis_ore":6,"minecraft:moss_block":2,"minecraft:sculk":7,"minecraft:wall_torch":1,"minecraft:spawner":1,"minecraft:seagrass":1,"minecraft:jungle_wood":2,"minecraft:furnace":5,"minecraft:iron_ore":97,"minecraft:andesite":1,"minecraft:gold_block":1,"minecraft:grass":6,"minecraft:coal_ore":26,"minecraft:oak_log":2,"minecraft:deepslate_iron_ore":29,"minecraft:rail":16,"minecraft:cherry_leaves":1,"minecraft:sand":108,"minecraft:dirt":35,"minecraft:cobweb":36,"minecraft:stone":182,"minecraft:gold_ore":6,"minecraft:oak_leaves":2,"minecraft:deepslate":27},"minecraft:custom":{"minecraft:interact_with_furnace":56,"minecraft:mob_kills":62,"minecraft:interact_with_crafting_table":23,"minecraft:bell_ring":4,"minecraft:leave_game":2,"minecraft:time_since_death":24318,"minecraft:sleep_in_bed":1,"minecraft:climb_one_cm":44,"minecraft:time_since_rest":24342,"minecraft:sprint_one_cm":288068,"minecraft:damage_taken":1649,"minecraft:walk_one_cm":209323,"minecraft:damage_blocked_by_shield":195,"minecraft:drop":11,"minecraft:damage_dealt":9121,"minecraft:swim_one_cm":6729,"minecraft:talked_to_villager":1,"minecraft:fly_one_cm":397337,"minecraft:open_chest":1,"minecraft:crouch_one_cm":47596,"minecraft:play_time":125987,"minecraft:deaths":1,"minecraft:sneak_time":14664,"minecraft:walk_under_water_one_cm":1317,"minecraft:boat_one_cm":16425,"minecraft:jump":2317,"minecraft:walk_on_water_one_cm":3331,"minecraft:total_world_time":125987,"minecraft:fall_one_cm":82627},"minecraft:killed":{"minecraft:cave_spider":2,"minecraft:pig":4,"minecraft:spider":3,"minecraft:wandering_trader":1,"minecraft:creeper":4,"minecraft:skeleton":6,"minecraft:sheep":11,"minecraft:zombie":15,"minecraft:chicken":4,"minecraft:cow":10},"minecraft:crafted":{"minecraft:cooked_beef":14,"minecraft:oak_planks":8,"minecraft:cooked_porkchop":7,"minecraft:crafting_table":2,"minecraft:wooden_pickaxe":1,"minecraft:iron_helmet":1,"minecraft:iron_sword":1,"minecraft:furnace":3,"minecraft:stone_axe":1,"minecraft:cooked_mutton":9,"minecraft:air":0,"minecraft:jungle_planks":36,"minecraft:glass":66,"minecraft:oak_boat":1,"minecraft:iron_boots":1,"minecraft:iron_chestplate":1,"minecraft:shield":1,"minecraft:stick":16,"minecraft:iron_ingot":75,"minecraft:iron_pickaxe":1,"minecraft:stone_pickaxe":1,"minecraft:wooden_axe":1,"minecraft:iron_shovel":1,"minecraft:iron_leggings":1},"minecraft:dropped":{"minecraft:iron_ingot":24,"minecraft:cooked_porkchop":1,"minecraft:raw_iron":63,"minecraft:rotten_flesh":7,"minecraft:light_gray_wool":1,"minecraft:coal":7,"minecraft:spider_eye":2,"minecraft:glass":11},"minecraft:picked_up":{"minecraft:iron_chestplate":1,"minecraft:crafting_table":5,"minecraft:feather":5,"minecraft:chicken":4,"minecraft:andesite":1,"minecraft:jungle_log":7,"minecraft:leather":19,"minecraft:lead":2,"minecraft:jungle_wood":2,"minecraft:wooden_pickaxe":1,"minecraft:gold_block":2,"minecraft:enchanted_book":1,"minecraft:oak_log":2,"minecraft:shield":1,"minecraft:gunpowder":10,"minecraft:string":80,"minecraft:lapis_lazuli":78,"minecraft:dirt":35,"minecraft:moss_carpet":1,"minecraft:iron_leggings":1,"minecraft:glass":11,"minecraft:iron_shovel":1,"minecraft:bone":12,"minecraft:bow":2,"minecraft:cobbled_deepslate":28,"minecraft:raw_gold":18,"minecraft:iron_ingot":23,"minecraft:beef":23,"minecraft:oak_boat":2,"minecraft:iron_pickaxe":1,"minecraft:light_gray_wool":4,"minecraft:moss_block":2,"minecraft:egg":1,"minecraft:iron_sword":1,"minecraft:oak_planks":7,"minecraft:iron_boots":1,"minecraft:furnace":5,"minecraft:stick":7,"minecraft:raw_iron":138,"minecraft:torch":1,"minecraft:fire_charge":2,"minecraft:jungle_planks":5,"minecraft:sand":196,"minecraft:porkchop":7,"minecraft:redstone":6,"minecraft:spider_eye":4,"minecraft:arrow":6,"minecraft:rotten_flesh":7,"minecraft:diamond":16,"minecraft:stone_axe":1,"minecraft:iron_helmet":1,"minecraft:mutton":19,"minecraft:coal":119,"minecraft:white_wool":17,"minecraft:rail":40,"minecraft:cobblestone":196},"minecraft:used":{"minecraft:moss_block":2,"minecraft:cooked_mutton":9,"minecraft:moss_carpet":1,"minecraft:iron_shovel":127,"minecraft:stone_pickaxe":129,"minecraft:shield":8,"minecraft:wooden_pickaxe":58,"minecraft:iron_sword":164,"minecraft:iron_chestplate":2,"minecraft:torch":1,"minecraft:dirt":13,"minecraft:crafting_table":7,"minecraft:jungle_planks":3,"minecraft:glass":58,"minecraft:wooden_axe":31,"minecraft:iron_pickaxe":242,"minecraft:iron_helmet":1,"minecraft:light_gray_wool":1,"minecraft:stone_axe":48,"minecraft:bow":2,"minecraft:cobblestone":150,"minecraft:furnace":8,"minecraft:cooked_porkchop":6,"minecraft:andesite":1,"minecraft:oak_boat":1,"minecraft:cooked_beef":8,"minecraft:cobbled_deepslate":28,"minecraft:iron_leggings":1},"minecraft:broken":{"minecraft:stone_pickaxe":1,"minecraft:wooden_axe":1}},"DataVersion":3465}