{"stats":{"minecraft:mined":{"minecraft:spruce_planks":2,"minecraft:crafting_table":6,"minecraft:grass_block":4,"minecraft:jungle_log":6,"minecraft:campfire":1,"minecraft:tall_grass":3,"minecraft:cobblestone":3,"minecraft:lapis_ore":1,"minecraft:moss_block":1,"minecraft:sandstone":8,"minecraft:blue_bed":1,"minecraft:birch_planks":7,"minecraft:large_fern":2,"minecraft:seagrass":1,"minecraft:tall_seagrass":1,"minecraft:jungle_wood":7,"minecraft:furnace":6,"minecraft:birch_log":19,"minecraft:iron_ore":26,"minecraft:sweet_berry_bush":3,"minecraft:ice":1,"minecraft:suspicious_sand":1,"minecraft:fletching_table":1,"minecraft:grass":3,"minecraft:bookshelf":2,"minecraft:oak_log":7,"minecraft:coal_ore":34,"minecraft:sand":5,"minecraft:stone":62,"minecraft:small_dripleaf":1,"minecraft:oak_leaves":1,"minecraft:fern":2},"minecraft:custom":{"minecraft:interact_with_furnace":33,"minecraft:mob_kills":20,"minecraft:interact_with_crafting_table":14,"minecraft:time_since_death":60000,"minecraft:time_since_rest":60000,"minecraft:sprint_one_cm":152155,"minecraft:damage_taken":920,"minecraft:walk_one_cm":100638,"minecraft:drop":9,"minecraft:damage_dealt":3429,"minecraft:talked_to_villager":4,"minecraft:swim_one_cm":17638,"minecraft:fly_one_cm":368039,"minecraft:open_chest":21,"minecraft:crouch_one_cm":13929,"minecraft:play_time":60000,"minecraft:sneak_time":4361,"minecraft:walk_under_water_one_cm":10154,"minecraft:boat_one_cm":156197,"minecraft:jump":1970,"minecraft:walk_on_water_one_cm":5920,"minecraft:total_world_time":60000,"minecraft:fall_one_cm":59834},"minecraft:killed":{"minecraft:pig":4,"minecraft:iron_golem":1,"minecraft:sheep":2,"minecraft:zombie":3,"minecraft:chicken":1,"minecraft:cow":8},"minecraft:crafted":{"minecraft:cooked_beef":8,"minecraft:stone_shovel":1,"minecraft:cooked_porkchop":8,"minecraft:crafting_table":1,"minecraft:wooden_pickaxe":1,"minecraft:birch_boat":1,"minecraft:furnace":1,"minecraft:leather_helmet":1,"minecraft:birch_planks":76,"minecraft:stone_axe":1,"minecraft:cooked_mutton":4,"minecraft:air":0,"minecraft:iron_chestplate":1,"minecraft:shield":1,"minecraft:iron_axe":1,"minecraft:stick":16,"minecraft:iron_ingot":12,"minecraft:iron_pickaxe":1,"minecraft:stone_pickaxe":1,"minecraft:wooden_axe":1,"minecraft:iron_leggings":1},"minecraft:dropped":{"minecraft:wheat_seeds":3,"minecraft:cooked_chicken":1,"minecraft:dark_oak_sapling":1,"minecraft:rotten_flesh":2,"minecraft:wooden_axe":1,"minecraft:sand":1,"minecraft:stone_pickaxe":1,"minecraft:wooden_pickaxe":1},"minecraft:picked_up":{"minecraft:birch_log":19,"minecraft:charcoal":2,"minecraft:cocoa_beans":3,"minecraft:crafting_table":6,"minecraft:feather":1,"minecraft:chicken":1,"minecraft:jungle_log":6,"minecraft:leather":11,"minecraft:jungle_wood":7,"minecraft:birch_planks":10,"minecraft:oak_log":7,"minecraft:lapis_lazuli":7,"minecraft:blue_bed":1,"minecraft:dirt":4,"minecraft:wheat_seeds":3,"minecraft:spruce_planks":2,"minecraft:iron_ingot":4,"minecraft:beef":13,"minecraft:cooked_chicken":1,"minecraft:fletching_table":1,"minecraft:moss_block":1,"minecraft:sandstone":7,"minecraft:furnace":6,"minecraft:book":6,"minecraft:dark_oak_sapling":1,"minecraft:stick":4,"minecraft:raw_iron":26,"minecraft:birch_boat":5,"minecraft:sweet_berries":6,"minecraft:torch":1,"minecraft:sand":1,"minecraft:porkchop":10,"minecraft:rotten_flesh":2,"minecraft:mutton":4,"minecraft:coal":71,"minecraft:white_wool":2,"minecraft:cobblestone":63},"minecraft:broken":{"minecraft:stone_axe":1},"minecraft:used":{"minecraft:moss_block":1,"minecraft:cooked_mutton":4,"minecraft:birch_planks":40,"minecraft:stone_shovel":4,"minecraft:stone_pickaxe":96,"minecraft:wooden_pickaxe":3,"minecraft:birch_boat":5,"minecraft:iron_chestplate":1,"minecraft:torch":1,"minecraft:dirt":3,"minecraft:crafting_table":5,"minecraft:fern":1,"minecraft:wooden_axe":22,"minecraft:iron_axe":5,"minecraft:bread":3,"minecraft:iron_pickaxe":43,"minecraft:leather_helmet":1,"minecraft:stone_axe":93,"minecraft:cobblestone":34,"minecraft:furnace":6,"minecraft:cooked_porkchop":8,"minecraft:cooked_beef":3}},"DataVersion":3465}