{"stats":{"minecraft:mined":{"minecraft:crafting_table":4,"minecraft:grass_block":3,"minecraft:jungle_log":6,"minecraft:tall_grass":2,"minecraft:cobblestone":3,"minecraft:moss_block":1,"minecraft:large_fern":2,"minecraft:seagrass":1,"minecraft:tall_seagrass":1,"minecraft:jungle_wood":7,"minecraft:furnace":5,"minecraft:birch_log":19,"minecraft:iron_ore":12,"minecraft:sweet_berry_bush":2,"minecraft:suspicious_sand":1,"minecraft:grass":1,"minecraft:oak_log":7,"minecraft:coal_ore":34,"minecraft:stone":47,"minecraft:small_dripleaf":1,"minecraft:oak_leaves":1},"minecraft:custom":{"minecraft:interact_with_furnace":28,"minecraft:mob_kills":13,"minecraft:interact_with_crafting_table":10,"minecraft:time_since_death":36000,"minecraft:time_since_rest":36000,"minecraft:sprint_one_cm":84392,"minecraft:damage_taken":605,"minecraft:walk_one_cm":58484,"minecraft:drop":2,"minecraft:damage_dealt":1346,"minecraft:swim_one_cm":9720,"minecraft:fly_one_cm":202794,"minecraft:open_chest":1,"minecraft:crouch_one_cm":8576,"minecraft:play_time":36000,"minecraft:sneak_time":2611,"minecraft:walk_under_water_one_cm":1250,"minecraft:boat_one_cm":85167,"minecraft:jump":1153,"minecraft:walk_on_water_one_cm":1860,"minecraft:total_world_time":36000,"minecraft:fall_one_cm":37159},"minecraft:killed":{"minecraft:pig":4,"minecraft:sheep":2,"minecraft:zombie":1,"minecraft:chicken":1,"minecraft:cow":4},"minecraft:crafted":{"minecraft:cooked_porkchop":8,"minecraft:crafting_table":1,"minecraft:wooden_pickaxe":1,"minecraft:birch_boat":1,"minecraft:furnace":1,"minecraft:leather_helmet":1,"minecraft:birch_planks":76,"minecraft:stone_axe":1,"minecraft:cooked_mutton":4,"minecraft:air":0,"minecraft:iron_chestplate":1,"minecraft:shield":1,"minecraft:stick":16,"minecraft:iron_ingot":12,"minecraft:iron_pickaxe":1,"minecraft:stone_pickaxe":1,"minecraft:wooden_axe":1},"minecraft:dropped":{"minecraft:cooked_chicken":1,"minecraft:rotten_flesh":1},"minecraft:picked_up":{"minecraft:birch_log":19,"minecraft:cocoa_beans":3,"minecraft:crafting_table":4,"minecraft:feather":1,"minecraft:chicken":1,"minecraft:jungle_log":6,"minecraft:leather":5,"minecraft:jungle_wood":7,"minecraft:birch_planks":3,"minecraft:oak_log":7,"minecraft:dirt":3,"minecraft:wheat_seeds":1,"minecraft:beef":5,"minecraft:cooked_chicken":1,"minecraft:moss_block":1,"minecraft:furnace":5,"minecraft:dark_oak_sapling":1,"minecraft:stick":3,"minecraft:raw_iron":12,"minecraft:birch_boat":1,"minecraft:sweet_berries":3,"minecraft:porkchop":10,"minecraft:rotten_flesh":1,"minecraft:mutton":4,"minecraft:coal":54,"minecraft:white_wool":2,"minecraft:cobblestone":49},"minecraft:used":{"minecraft:moss_block":1,"minecraft:cooked_mutton":2,"minecraft:birch_planks":30,"minecraft:stone_pickaxe":96,"minecraft:wooden_pickaxe":3,"minecraft:birch_boat":1,"minecraft:iron_chestplate":1,"minecraft:dirt":3,"minecraft:crafting_table":3,"minecraft:wooden_axe":15,"minecraft:iron_pickaxe":2,"minecraft:leather_helmet":1,"minecraft:stone_axe":55,"minecraft:cobblestone":31,"minecraft:furnace":5,"minecraft:cooked_porkchop":8}},"DataVersion":3465}