{"stats":{"minecraft:mined":{"minecraft:jungle_wood":7,"minecraft:furnace":3,"minecraft:birch_log":19,"minecraft:suspicious_sand":1,"minecraft:crafting_table":3,"minecraft:grass":1,"minecraft:grass_block":2,"minecraft:coal_ore":29,"minecraft:oak_log":7,"minecraft:jungle_log":6,"minecraft:tall_grass":2,"minecraft:stone":37,"minecraft:moss_block":1,"minecraft:tall_seagrass":1,"minecraft:seagrass":1},"minecraft:custom":{"minecraft:time_since_rest":24000,"minecraft:interact_with_furnace":16,"minecraft:sprint_one_cm":40109,"minecraft:damage_taken":275,"minecraft:walk_one_cm":35751,"minecraft:mob_kills":13,"minecraft:drop":1,"minecraft:damage_dealt":1260,"minecraft:swim_one_cm":9720,"minecraft:interact_with_crafting_table":6,"minecraft:fly_one_cm":99227,"minecraft:open_chest":1,"minecraft:crouch_one_cm":5496,"minecraft:play_time":24000,"minecraft:sneak_time":1578,"minecraft:walk_under_water_one_cm":1250,"minecraft:boat_one_cm":85167,"minecraft:jump":581,"minecraft:walk_on_water_one_cm":1860,"minecraft:time_since_death":24000,"minecraft:total_world_time":24000,"minecraft:fall_one_cm":19011},"minecraft:killed":{"minecraft:sheep":2,"minecraft:zombie":1,"minecraft:pig":4,"minecraft:chicken":1,"minecraft:cow":4},"minecraft:crafted":{"minecraft:cooked_porkchop":8,"minecraft:crafting_table":1,"minecraft:stick":16,"minecraft:birch_boat":1,"minecraft:wooden_pickaxe":1,"minecraft:stone_pickaxe":1,"minecraft:wooden_axe":1,"minecraft:furnace":1,"minecraft:leather_helmet":1,"minecraft:birch_planks":76,"minecraft:stone_axe":1,"minecraft:cooked_mutton":4,"minecraft:air":0},"minecraft:dropped":{"minecraft:rotten_flesh":1},"minecraft:picked_up":{"minecraft:dark_oak_sapling":1,"minecraft:birch_log":19,"minecraft:stick":2,"minecraft:cocoa_beans":3,"minecraft:crafting_table":3,"minecraft:feather":1,"minecraft:chicken":1,"minecraft:birch_boat":1,"minecraft:jungle_log":6,"minecraft:leather":5,"minecraft:jungle_wood":7,"minecraft:birch_planks":3,"minecraft:porkchop":10,"minecraft:oak_log":7,"minecraft:dirt":2,"minecraft:rotten_flesh":1,"minecraft:wheat_seeds":1,"minecraft:beef":5,"minecraft:moss_block":1,"minecraft:coal":29,"minecraft:mutton":4,"minecraft:white_wool":2,"minecraft:cobblestone":37,"minecraft:furnace":3},"minecraft:used":{"minecraft:cooked_mutton":2,"minecraft:wooden_axe":15,"minecraft:birch_planks":10,"minecraft:stone_pickaxe":66,"minecraft:birch_boat":1,"minecraft:leather_helmet":1,"minecraft:wooden_pickaxe":3,"minecraft:stone_axe":51,"minecraft:dirt":1,"minecraft:cobblestone":19,"minecraft:crafting_table":3,"minecraft:furnace":3,"minecraft:cooked_porkchop":3,"minecraft:moss_block":1}},"DataVersion":3465}