{"stats":{"minecraft:mined":{"minecraft:jungle_wood":7,"minecraft:furnace":1,"minecraft:birch_log":9,"minecraft:crafting_table":3,"minecraft:grass":1,"minecraft:oak_log":7,"minecraft:jungle_log":6,"minecraft:stone":32},"minecraft:custom":{"minecraft:time_since_rest":12000,"minecraft:interact_with_furnace":2,"minecraft:sprint_one_cm":15413,"minecraft:damage_taken":100,"minecraft:walk_one_cm":13650,"minecraft:mob_kills":2,"minecraft:drop":1,"minecraft:damage_dealt":258,"minecraft:interact_with_crafting_table":5,"minecraft:fly_one_cm":44030,"minecraft:crouch_one_cm":3308,"minecraft:play_time":12000,"minecraft:sneak_time":961,"minecraft:jump":209,"minecraft:time_since_death":12000,"minecraft:total_world_time":12000,"minecraft:fall_one_cm":7557},"minecraft:killed":{"minecraft:sheep":1},"minecraft:crafted":{"minecraft:crafting_table":1,"minecraft:stick":16,"minecraft:wooden_pickaxe":1,"minecraft:stone_pickaxe":1,"minecraft:wooden_axe":1,"minecraft:furnace":1,"minecraft:birch_planks":36,"minecraft:stone_axe":1,"minecraft:cooked_mutton":2,"minecraft:air":0},"minecraft:dropped":{"minecraft:rotten_flesh":1},"minecraft:picked_up":{"minecraft:birch_log":9,"minecraft:stick":2,"minecraft:cocoa_beans":3,"minecraft:crafting_table":3,"minecraft:jungle_log":6,"minecraft:jungle_wood":7,"minecraft:birch_planks":3,"minecraft:oak_log":7,"minecraft:rotten_flesh":1,"minecraft:mutton":2,"minecraft:white_wool":1,"minecraft:cobblestone":32,"minecraft:furnace":1},"minecraft:used":{"minecraft:cooked_mutton":1,"minecraft:wooden_axe":15,"minecraft:stone_pickaxe":30,"minecraft:wooden_pickaxe":3,"minecraft:stone_axe":21,"minecraft:crafting_table":3,"minecraft:furnace":1}},"DataVersion":3465}